growth,period,workload,demand_pflops,capacity_pflops,new_racks,retired_racks,rack_stock,new_gpu_kw,retired_gpu_kw,closing_gpu_kw,average_gpu_kw,e_waste_kg
low,Q01,training,16.46090534979424,20.0,5,0.0,5.0,20.0,0.0,20.0,10.0,0.0
low,Q01,inference,0.32407407407407407,1.6,1,0.0,1.0,4.0,0.0,4.0,2.0,0.0
low,Q02,training,18.436213991769552,20.0,0,0.0,5.0,0.0,0.0,20.0,20.0,0.0
low,Q02,inference,0.385,1.6,0,0.0,1.0,0.0,0.0,4.0,4.0,0.0
low,Q03,training,20.648559670781896,24.52174,1,0.0,6.0,4.208696,0.0,24.208696,22.104348,0.0
low,Q03,inference,0.4573799999999999,1.6,0,0.0,1.0,0.0,0.0,4.0,4.0,0.0
low,Q04,training,23.126386831275727,23.95031142857143,0,0.14285714285714285,5.857142857142857,0.0,0.5714285714285714,23.637267428571427,23.92298171428571,85.71428571428571
low,Q04,inference,0.5433674399999999,1.5542857142857143,0,0.02857142857142857,0.9714285714285714,0.0,0.11428571428571428,3.8857142857142857,3.942857142857143,17.142857142857142
low,Q05,training,25.901553251028815,27.850934285714285,1,0.2857142857142857,6.571428571428571,4.417392,1.1428571428571428,26.911802285714284,25.274534857142854,171.42857142857142
low,Q05,inference,0.6455205376990739,1.4628571428571429,0,0.05714285714285714,0.9142857142857143,0.0,0.22857142857142856,3.657142857142857,3.7714285714285714,34.285714285714285
low,Q06,training,29.00973964115228,31.311804,1,0.45714285714285713,7.114285714285714,4.521736,1.8345341714285712,29.599004114285712,28.255403199999996,274.2857142857143
low,Q06,inference,0.7668783361555556,1.3257142857142856,0,0.08571428571428572,0.8285714285714285,0.0,0.34285714285714286,3.314285714285714,3.4857142857142858,51.42857142857143
low,Q07,training,32.49090839809055,34.33292057142857,1,0.6285714285714286,7.485714285714286,4.626088,2.5262111999999997,31.698880914285713,30.648942514285714,377.1428571428571
low,Q07,inference,0.9110515552115185,1.1428571428571428,0,0.11428571428571428,0.7142857142857142,0.0,0.45714285714285713,2.8571428571428568,3.0857142857142854,68.57142857142857
low,Q08,training,36.38981740586143,36.77018857142857,1,0.8285714285714285,7.657142857142857,4.730432,3.3440994285714285,33.085213485714284,32.3920472,497.1428571428571
low,Q08,inference,1.082329096058324,3.2447209142857143,1,0.14285714285714282,1.5714285714285714,4.730432,0.5714285714285713,7.016146285714286,4.936644571428571,85.7142857142857
low,Q09,training,61.1348932418472,62.8198752,5,1.0571428571428572,11.599999999999998,24.17392,4.291180114285715,52.967953371428564,43.02658342857143,634.2857142857143
low,Q09,inference,1.2858071905284536,2.9704352,0,0.17142857142857146,1.4,0.0,0.6857142857142858,6.330432,6.6732891428571435,102.85714285714288
low,Q10,training,68.47108043086888,71.11801542857143,2,1.0285714285714282,12.571428571428571,9.878256,4.227577599999999,58.61863177142857,55.793292571428566,617.142857142857
low,Q10,inference,1.5275386709911802,2.7418637714285716,0,0.1428571428571428,1.2571428571428571,0.0,0.5714285714285712,5.759003428571429,6.0447177142857145,85.71428571428568
low,Q11,training,76.68761008257313,79.7590096,2,1.0285714285714285,13.542857142857141,10.08696,4.299130285714285,64.40646148571429,61.51254662857143,617.1428571428571
low,Q11,inference,1.814716142948495,2.492422765714286,0,0.14285714285714285,1.1142857142857143,0.0,0.5922980571428571,5.166705371428572,5.4628544,85.71428571428571
low,Q12,training,85.89012329248193,88.1316777142857,2,1.1142857142857143,14.428571428571427,10.295648,4.820869485714287,69.88123999999999,67.14385074285714,668.5714285714286
low,Q12,inference,2.155882588916875,2.222112182857143,0,0.1428571428571429,0.9714285714285713,0.0,0.613167542857143,4.553537828571429,4.8601216,85.71428571428574
low,Q13,training,96.19693808757978,103.00373074285713,3,1.257142857142857,16.17142857142857,15.756528000000001,5.62484457142857,80.01292342857143,74.9470817142857,754.2857142857141
low,Q13,inference,2.56118888262569,4.783106422857143,1,0.1428571428571428,1.8285714285714285,5.252176,0.6340370285714284,9.1716768,6.8626073142857145,85.71428571428568
low,Q14,training,107.74057065808938,110.59627634285714,2,1.2571428571428571,16.91428571428571,10.71304,5.893167542857142,84.83279588571429,82.42285965714285,754.2857142857142
low,Q14,inference,3.042692066182805,4.5167709714285715,0,0.11428571428571428,1.7142857142857142,0.0,0.5406208,8.631056000000001,8.9013664,68.57142857142857
low,Q15,training,120.6694391370601,124.45962445714287,3,1.5428571428571427,18.371428571428574,16.382616,7.340124114285714,93.87528777142857,89.35404182857144,925.7142857142857
low,Q15,inference,3.6147184273827415,4.183851657142858,0,0.14285714285714282,1.5714285714285714,0.0,0.6757759999999999,7.95528,8.293168000000001,85.7142857142857
low,Q16,training,135.14977183350732,137.03850777142858,3,1.8285714285714287,19.542857142857144,16.695648000000002,8.852670857142858,101.71826491428571,97.79677634285714,1097.1428571428573
low,Q16,inference,4.294285283543111,6.868075382857143,1,0.20000000000000004,2.3714285714285714,5.565216,0.9609933714285717,12.55950262857143,10.257391314285716,120.00000000000003
low,Q17,training,201.82365927137099,205.20247222857142,10,2.1714285714285713,27.37142857142857,56.695679999999996,10.64149097142857,147.7724539428571,124.74535942857142,1302.8571428571427
low,Q17,inference,5.10161093638188,6.372174674285715,0,0.19999999999999993,2.1714285714285713,0.0,0.9759003428571426,11.583602285714285,12.071552457142857,119.99999999999996
low,Q18,training,226.04249838393548,232.6136590857143,5,2.2857142857142856,30.085714285714285,28.86956,11.39080777142857,165.25120617142858,156.51183005714284,1371.4285714285713
low,Q18,inference,6.0607140191334725,9.235280731428572,1,0.2,2.9714285714285715,5.773912,0.9908073142857143,16.36670697142857,13.975154628571428,120.0
low,Q19,training,253.16759819000774,260.05216742857147,5,2.3999999999999995,32.68571428571428,29.39132,12.175901257142856,182.46662491428572,173.85891554285715,1439.9999999999998
low,Q19,inference,7.200128117907246,8.619131565714286,0,0.22857142857142862,2.742857142857143,0.0,1.1647204571428573,15.201986514285714,15.784346742857142,137.14285714285717
low,Q20,training,283.5477099728087,285.7937739428571,5,2.714285714285714,34.97142857142857,29.91304,14.130684571428572,198.24898034285715,190.35780262857145,1628.5714285714284
low,Q20,inference,8.553751949558471,11.480248777142858,1,0.25714285714285706,3.4857142857142858,5.982608,1.3386335999999996,19.845960914285712,17.523973714285713,154.28571428571425
low,Q21,training,317.5734351695458,318.4844618285714,6,3.085714285714285,37.885714285714286,36.52176,16.4511824,218.31955794285713,208.28426914285714,1851.4285714285709
low,Q21,inference,10.16185772875,10.623602697142857,0,0.28571428571428575,3.1999999999999997,0.0,1.5423604571428573,18.303600457142856,19.074780685714284,171.42857142857144
low,Q22,training,355.6822473898913,359.1627173714286,7,3.3428571428571425,41.542857142857144,43.339127999999995,18.29068617142857,243.36799977142854,230.84377885714284,2005.7142857142856
low,Q22,inference,12.0722870393125,13.452918994285715,1,0.3142857142857142,3.8857142857142857,6.191304,1.7162733714285712,22.778631085714284,20.541115771428572,188.57142857142853
low,Q23,training,398.3641170766783,406.5391289142857,8,3.8571428571428568,45.68571428571428,50.365248,21.471805485714285,272.2614422857142,257.8147210285714,2314.285714285714
low,Q23,inference,14.341876728345833,16.17888224,1,0.37142857142857144,4.514285714285714,6.295656,2.0611179428571424,27.013169142857144,24.895900114285716,222.85714285714286
low,Q24,training,446.1678111258797,450.5192547428571,8,4.428571428571429,49.25714285714285,51.2,25.036527085714283,298.4249152,285.3431787428571,2657.1428571428573
low,Q24,inference,17.03814946041542,18.801490834285715,1,0.42857142857142866,5.085714285714285,6.4,2.4059625142857146,31.00720662857143,29.010187885714288,257.14285714285717
central,Q01,training,25.720164609053494,28.0,7,0.0,7.0,28.0,0.0,28.0,14.0,0.0
central,Q01,inference,0.46296296296296297,1.6,1,0.0,1.0,4.0,0.0,4.0,2.0,0.0
central,Q02,training,28.806584362139915,32.260868,1,0.0,8.0,4.104344,0.0,32.104344,30.052172,0.0
central,Q02,inference,0.55,1.6,0,0.0,1.0,0.0,0.0,4.0,4.0,0.0
central,Q03,training,32.26337448559671,36.782608,1,0.0,9.0,4.208696,0.0,36.31304,34.208692,0.0
central,Q03,inference,0.6534,1.6,0,0.0,1.0,0.0,0.0,4.0,4.0,0.0
central,Q04,training,36.13497942386832,40.765215999999995,1,0.19999999999999998,9.8,4.31304,0.7999999999999999,39.826080000000005,38.06956,119.99999999999999
central,Q04,inference,0.7762392,1.5542857142857143,0,0.02857142857142857,0.9714285714285714,0.0,0.11428571428571428,3.8857142857142857,3.942857142857143,17.142857142857142
central,Q05,training,40.47117695473252,44.08695691428571,1,0.42857142857142855,10.37142857142857,4.417392,1.7172669714285713,42.526205028571425,41.176142514285715,257.1428571428571
central,Q05,inference,0.9221721967129628,1.4628571428571429,0,0.05714285714285714,0.9142857142857143,0.0,0.22857142857142856,3.657142857142857,3.7714285714285714,34.285714285714285
central,Q06,training,45.327718189300434,46.618634171428575,1,0.6857142857142857,10.685714285714287,4.521736,2.7547824,44.293158628571426,43.40968182857142,411.42857142857144
central,Q06,inference,1.0955404802222224,1.3257142857142856,0,0.08571428571428572,0.8285714285714285,0.0,0.34285714285714286,3.314285714285714,3.4857142857142858,51.42857142857143
central,Q07,training,50.767044372016485,53.78881782857143,2,0.9714285714285714,11.714285714285715,9.252176,3.9155275428571423,49.62980708571428,46.961482857142855,582.8571428571429
central,Q07,inference,1.3015022217307408,3.368943542857143,1,0.11428571428571428,1.7142857142857142,4.626088,0.45714285714285713,7.483230857142857,5.398758285714285,68.57142857142857
central,Q08,training,56.85908969665847,60.149068457142846,2,1.2857142857142854,12.428571428571429,9.460864,5.202483885714285,53.8881872,51.75899714285714,771.4285714285712
central,Q08,inference,1.546184422940463,3.1403721142857144,0,0.14285714285714282,1.5714285714285714,0.0,0.5714285714285713,6.911802285714286,7.197516571428571,85.7142857142857
central,Q09,training,95.52327069038624,95.98260525714286,7,1.6285714285714286,17.8,33.843488,6.618632685714287,81.11304251428571,67.50061485714285,977.1428571428571
central,Q09,inference,1.8368674150406483,2.8660864000000004,0,0.17142857142857146,1.4,0.0,0.6857142857142858,6.226088,6.568945142857142,102.85714285714288
central,Q10,training,106.9860631732326,108.04969188571428,3,1.6285714285714283,19.17142857142857,14.817384,6.69912937142857,89.23129714285714,85.17216982857143,977.142857142857
central,Q10,inference,2.1821981014159717,2.573912502857143,0,0.17142857142857137,1.2285714285714286,0.0,0.7036025142857141,5.522485485714285,5.874286742857143,102.85714285714282
central,Q11,training,119.82439075402051,120.60869919999999,3,1.6285714285714286,20.542857142857144,15.13044,6.815402514285714,97.54633462857143,93.38881588571428,977.1428571428571
central,Q11,inference,2.5924516327835647,4.907328822857144,1,0.17142857142857143,2.057142857142857,5.04348,0.7214907428571429,9.844474742857141,7.683480114285713,102.85714285714286
central,Q12,training,134.20331764450302,139.57018514285713,4,1.7714285714285718,22.771428571428572,20.591296,7.658135542857145,110.47949508571429,104.01291485714286,1062.8571428571431
central,Q12,inference,3.07983226988125,4.57937856,0,0.17142857142857149,1.8857142857142857,0.0,0.7393789714285717,9.105095771428571,9.474785257142855,102.85714285714289
central,Q13,training,150.30771576184338,150.92422605714285,3,1.9428571428571426,23.82857142857143,15.756528000000001,8.67776297142857,117.5582601142857,114.0188776,1165.7142857142856
central,Q13,inference,3.6588412608938428,4.233540114285715,0,0.17142857142857137,1.7142857142857142,0.0,0.7572671999999998,8.347828571428572,8.726462171428572,102.85714285714282
central,Q14,training,168.3446416532646,169.45341714285712,4,1.9428571428571426,25.885714285714286,21.42608,9.077266285714286,129.9070738285714,123.73266697142856,1165.7142857142856
central,Q14,inference,4.346702951689722,6.796521417142857,1,0.1714285714285714,2.5428571428571427,5.35652,0.8049691428571427,12.899379428571429,10.623604,102.85714285714285
central,Q15,training,188.54599865165636,193.71924605714287,5,2.371428571428571,28.514285714285716,27.304360000000003,11.289440457142856,145.92199337142858,137.9145336,1422.8571428571427
central,Q15,inference,5.16388346768963,6.263850697142858,0,0.2285714285714286,2.314285714285714,0.0,1.0812425142857145,11.818136914285713,12.35875817142857,137.14285714285717
central,Q16,training,211.17151848985515,216.24098765714288,5,2.8000000000000003,30.71428571428571,27.82608,13.537390857142855,160.2106825142857,153.06633794285716,1680.0000000000002
central,Q16,inference,6.134693262204444,8.884472091428572,1,0.2285714285714285,3.0857142857142854,5.565216,1.0931679999999997,16.290184914285714,14.054160914285713,137.1428571428571
central,Q17,training,315.34946761151707,318.4571209142857,15,3.257142857142857,42.457142857142856,85.04352,15.97416137142857,229.28004114285713,194.74536182857142,1954.2857142857142
central,Q17,inference,7.288015623402686,8.243478354285715,0,0.2571428571428571,2.8285714285714283,0.0,1.2581369142857144,15.032048,15.661116457142857,154.28571428571428
central,Q18,training,353.19140372489915,354.9714163428572,7,3.4857142857142853,45.97142857142857,40.417384,17.377391085714287,252.32003405714286,240.8000376,2091.428571428571
central,Q18,inference,8.65816288447639,10.880000685714286,1,0.28571428571428575,3.5428571428571427,5.773912,1.4231058285714284,19.38285417142857,17.207451085714283,171.42857142857144
central,Q19,training,395.57437217188703,399.69191211428574,8,3.714285714285714,50.25714285714285,47.026112,18.852173942857142,280.49397211428567,266.4070030857143,2228.5714285714284
central,Q19,inference,10.285897311296065,13.434037897142858,1,0.34285714285714286,4.199999999999999,5.878264,1.7470809142857142,23.514037257142853,21.44844571428571,205.71428571428572
central,Q20,training,443.0432968325135,450.78506514285715,9,4.2,55.05714285714286,53.843472,21.886212114285716,312.451232,296.4726020571428,2520.0
central,Q20,inference,12.21964564222639,12.537640365714287,0,0.3142857142857142,3.8857142857142857,0.0,1.6506831999999996,21.863354057142857,22.688695657142855,188.57142857142853
central,Q21,training,496.2084924524152,499.1353833142857,9,4.7142857142857135,59.34285714285714,54.78264,25.15677257142857,342.07709942857144,327.2641657142857,2828.571428571428
central,Q21,inference,14.5169396125,15.132423222857144,1,0.37142857142857144,4.514285714285714,6.08696,1.9836022857142857,25.96671177142857,23.915032914285714,222.85714285714286
central,Q22,training,555.7535115467051,563.4856860571429,11,5.2,65.14285714285714,68.104344,28.4442272,381.73721622857147,361.9071578285715,3120.0
central,Q22,inference,17.246124341875,17.53639798857143,1,0.45714285714285724,5.057142857142857,6.191304,2.484471771428572,29.673544,27.820127885714285,274.28571428571433
central,Q23,training,622.4439329323097,622.8968862857142,11,6.028571428571428,70.11428571428571,69.252216,33.55627908571428,417.4331531428571,399.5851846857143,3617.1428571428564
central,Q23,inference,20.488395326208334,23.814163154285716,2,0.48571428571428565,6.571428571428571,12.591312,2.6792543999999996,39.5856016,34.6295728,291.4285714285714
central,Q24,training,697.1372048841869,706.6633489142857,14,6.914285714285714,77.2,89.60000000000001,39.087709485714285,467.94544365714285,442.6892984,4148.571428571428
central,Q24,inference,24.34021351487917,26.14459785142857,1,0.5142857142857143,7.057142857142857,6.4,2.903850742857143,43.08175085714285,41.33367622857142,308.5714285714286
high,Q01,training,37.03703703703703,40.0,10,0.0,10.0,40.0,0.0,40.0,20.0,0.0
high,Q01,inference,0.6481481481481481,1.6,1,0.0,1.0,4.0,0.0,4.0,2.0,0.0
high,Q02,training,41.48148148148148,44.260868,1,0.0,11.0,4.104344,0.0,44.104344,42.052172,0.0
high,Q02,inference,0.77,1.6,0,0.0,1.0,0.0,0.0,4.0,4.0,0.0
high,Q03,training,46.459259259259255,48.782608,1,0.0,12.0,4.208696,0.0,48.31304,46.208692,0.0
high,Q03,inference,0.9147599999999998,1.6,0,0.0,1.0,0.0,0.0,4.0,4.0,0.0
high,Q04,training,52.034370370370375,52.422358857142854,1,0.2857142857142857,12.714285714285714,4.31304,1.1428571428571428,51.48322285714285,49.898131428571425,171.42857142857142
high,Q04,inference,1.0867348799999998,1.5542857142857143,0,0.02857142857142857,0.9714285714285714,0.0,0.11428571428571428,3.8857142857142857,3.942857142857143,17.142857142857142
high,Q05,training,58.27849481481483,60.10186548571428,2,0.6,14.114285714285714,8.834784,2.402981257142857,57.91502559999999,54.69912422857142,360.0
high,Q05,inference,1.2910410753981478,1.4628571428571429,0,0.05714285714285714,0.9142857142857143,0.0,0.22857142857142856,3.657142857142857,3.7714285714285714,34.285714285714285
high,Q06,training,65.27191419259262,66.90931931428571,2,0.9428571428571428,15.17142857142857,9.043472,3.7833538285714283,63.17514377142857,60.545084685714286,565.7142857142857
high,Q06,inference,1.5337566723111111,3.4474534857142856,1,0.08571428571428572,1.8285714285714285,4.521736,0.34285714285714286,7.836021714285714,5.746582285714285,51.42857142857143
high,Q07,training,73.10454389570374,78.2732904,3,1.314285714285714,16.857142857142854,13.878264000000001,5.286956114285714,71.76645165714285,67.47079771428571,788.5714285714284
high,Q07,inference,1.822103110423037,3.2645963428571427,0,0.11428571428571428,1.7142857142857142,0.0,0.45714285714285713,7.3788788571428565,7.607450285714285,68.57142857142857
high,Q08,training,81.87708916318819,82.77515588571428,2,1.7428571428571427,17.114285714285714,9.460864,7.0429808,74.18433485714286,72.97539325714285,1045.7142857142856
high,Q08,inference,2.164658192116648,3.036024914285714,0,0.14285714285714282,1.5714285714285714,0.0,0.5714285714285713,6.807450285714285,7.093164571428571,85.7142857142857
high,Q09,training,137.55350979415616,140.45962217142858,11,2.2285714285714286,25.885714285714286,53.182624,9.057390400000001,118.30956845714286,96.24695165714286,1337.142857142857
high,Q09,inference,2.571614381056907,2.7011180799999996,0,0.20000000000000004,1.3714285714285714,0.0,0.8149067428571429,5.992543542857142,6.399996914285714,120.00000000000003
high,Q10,training,154.0599309694549,156.26584102857143,4,2.228571428571428,27.65714285714286,19.756512,9.18260754285714,128.88347291428573,123.5965206857143,1337.1428571428569
high,Q10,inference,3.0550773419823605,4.890435611428571,1,0.19999999999999993,2.1714285714285713,4.939128,0.8298134857142854,10.101858057142856,8.047200799999999,119.99999999999996
high,Q11,training,172.54712268578953,172.71304731428572,4,2.228571428571428,29.428571428571427,20.17392,9.34360114285714,139.71379177142856,134.29863234285716,1337.1428571428569
high,Q11,inference,3.62943228589699,4.525715108571428,0,0.2,1.9714285714285713,0.0,0.8447202285714286,9.257137828571429,9.679497942857143,120.0
high,Q12,training,193.25277740808428,195.01614685714287,5,2.4857142857142858,31.942857142857143,25.73912,10.783601371428572,154.66931039999997,147.19155108571425,1491.4285714285716
high,Q12,inference,4.31176517783375,6.893913371428571,1,0.20000000000000004,2.7714285714285714,5.147824,0.8596269714285716,13.545334857142857,11.401236342857143,120.00000000000003
high,Q13,training,216.44311069705444,223.2447254857143,6,2.7999999999999994,35.14285714285714,31.513056000000002,12.541613942857142,173.64075245714287,164.15503142857142,1679.9999999999995
high,Q13,inference,5.12237776525138,6.426832594285714,0,0.22857142857142848,2.5428571428571427,0.0,1.0156516571428567,12.5296832,13.037509028571428,137.14285714285708
high,Q14,training,242.416283980701,244.10186651428575,5,2.8285714285714287,37.31428571428572,26.7826,13.228322285714288,187.19503017142858,180.41789131428573,1697.1428571428573
high,Q14,inference,6.08538413236561,8.874534262857143,1,0.2285714285714286,3.314285714285714,5.35652,1.0573906285714285,16.82881257142857,14.679247885714286,137.14285714285717
high,Q15,training,271.5062380583852,277.48321965714285,7,3.4285714285714284,40.885714285714286,38.226104,16.30211154285714,209.1190226285714,198.1570264,2057.142857142857
high,Q15,inference,7.229436854765483,8.275279542857142,0,0.25714285714285706,3.057142857142857,0.0,1.2163967999999996,15.61241577142857,16.220614171428572,154.28571428571425
high,Q16,training,304.0869866253914,308.22359588571425,7,4.057142857142857,43.82857142857143,38.956512000000004,19.597515657142857,228.47801897142855,218.79852079999998,2434.285714285714
high,Q16,inference,8.588570567086222,10.750807634285714,1,0.2857142857142857,3.7714285714285714,5.565216,1.3754029714285712,19.802228799999998,17.707322285714284,171.42857142857142
high,Q17,training,454.1032333605845,458.41984605714276,22,4.742857142857143,61.08571428571429,124.730496,23.23478331428571,329.9737316571428,279.2258753142857,2845.714285714286
high,Q17,inference,10.20322187276376,13.15577609142857,1,0.34285714285714286,4.428571428571429,5.669568,1.6874525714285713,23.784344228571427,21.79328651428571,205.71428571428572
high,Q18,training,508.59562136385466,510.46954937142857,10,4.999999999999999,66.08571428571429,57.73912,24.919255314285714,362.79359634285714,346.38366399999995,2999.9999999999995
high,Q18,inference,12.121428038266945,15.490186514285714,1,0.39999999999999997,5.0285714285714285,5.773912,1.9995021714285715,27.558754057142853,25.67154914285714,239.99999999999997
high,Q19,training,569.6270959275173,570.7502930285714,11,5.2857142857142865,71.8,64.660904,26.834286857142857,400.6202134857143,381.7069049142857,3171.428571428572
high,Q19,inference,14.400256235814492,17.869316845714284,1,0.3999999999999999,5.628571428571428,5.878264,2.0591295999999994,31.377888457142852,29.468321257142854,239.99999999999994
high,Q20,training,637.9823474388195,644.9838118857143,13,6.0,78.8,77.773904,31.280499428571428,447.1136180571429,423.8669157714286,3600.0
high,Q20,inference,17.107503899116942,20.07850870857143,1,0.48571428571428577,6.142857142857142,5.982608,2.5391296000000008,34.821366857142856,33.099627657142854,291.42857142857144
high,Q21,training,714.5402291314778,714.7105305142857,13,6.828571428571427,84.97142857142856,79.13048,36.42832754285714,489.81577051428576,468.46469428571436,4097.142857142857
high,Q21,inference,20.3237154575,22.17838477714286,1,0.5428571428571428,6.6,6.08696,2.8899371428571423,38.01838971428571,36.41987828571428,325.71428571428567
high,Q22,training,800.2850566272552,809.3241833142857,16,7.428571428571428,93.54285714285714,99.060864,40.64398125714285,548.2326532571429,519.0242118857143,4457.142857142857
high,Q22,inference,24.144574078625,27.860868571428572,2,0.6285714285714286,7.9714285714285715,12.382608,3.4086950857142857,46.99230262857142,42.50534617142857,377.1428571428571
high,Q23,training,896.3192634225261,896.8571314285714,16,8.628571428571428,100.91428571428571,100.730496,48.025847542857136,600.9373017142857,574.5849774857143,5177.142857142857
high,Q23,inference,28.683753456691665,29.68248416,1,0.657142857142857,8.314285714285713,6.295656,3.6511798857142854,49.63677874285714,48.31454068571428,394.2857142857142
high,Q24,training,1003.8775750332292,1006.250924342857,19,9.914285714285713,110.0,121.60000000000001,56.03678171428571,666.5005199999999,633.7189108571429,5948.5714285714275
high,Q24,inference,34.07629892083084,35.18409910857143,2,0.7714285714285715,9.542857142857141,12.8,4.349813714285713,58.08696502857143,53.86187188571428,462.8571428571429
