growth,cooling,strategy,phase,background,cumulative_start,virgin_coolant_kg,treated_coolant_kg,recovered_coolant_kg,cooling_kwh,CC_kg_co2e,HTC_ctuh,CED_mj_eq,final_inventory_kg,final_recovery_bank_kg
low,low,baseline,single,steady,Q09,512.4294251659207,150.85206726691763,0.0,258586.54137767444,104534.90143503506,0.0025976225229527323,2079695.1798610485,359.73987703679995,0.0
low,low,baseline,single,transition,Q09,512.4294251659207,150.85206726691763,0.0,258586.54137767444,62508.50540212461,0.001967226582459075,1407272.8433344811,359.73987703679995,0.0
low,low,baseline,two,steady,Q09,537.0562340988914,150.85206726691763,0.0,129293.27068883734,53441.61602828181,0.0013113071749203439,1051589.2430381675,359.7398770367999,0.0
low,low,baseline,two,transition,Q09,537.0562340988914,150.85206726691763,0.0,129293.27068883734,32428.41801182655,0.0009961092046735153,715378.0747748833,359.7398770367999,0.0
low,low,improved_pue,single,steady,Q09,512.4294251659207,150.85206726691763,0.0,206053.54633653635,83521.70341857984,0.0020722925725413506,1659431.2195319436,359.73987703679995,0.0
low,low,improved_pue,single,transition,Q09,512.4294251659207,150.85206726691763,0.0,206053.54633653635,50395.7722438037,0.001575403604919709,1129416.3207355256,359.73987703679995,0.0
low,low,improved_pue,two,steady,Q09,537.0562340988914,150.85206726691763,0.0,103026.77316826834,42935.0170200542,0.001048642199714654,841457.2628736153,359.7398770367999,0.0
low,low,improved_pue,two,transition,Q09,537.0562340988914,150.85206726691763,0.0,103026.77316826834,26372.0514326661,0.0008001977159038324,576449.8134754057,359.7398770367999,0.0
low,low,advanced_coolant,single,steady,Q09,370.5527934861528,123.40481541008556,0.0,258586.54137767444,104237.42454574713,0.002594510517800568,2076720.410968169,249.67439042587583,0.0
low,low,advanced_coolant,single,transition,Q09,370.5527934861528,123.40481541008556,0.0,258586.54137767444,62211.02851283666,0.001964114577306911,1404298.0744416015,249.67439042587583,0.0
low,low,advanced_coolant,two,steady,Q09,389.23109651712326,123.40481541008556,0.0,129293.27068883734,52977.55517664387,0.0013064607120150385,1046948.6345217882,249.6743904258758,0.0
low,low,advanced_coolant,two,transition,Q09,389.23109651712326,123.40481541008556,0.0,129293.27068883734,31964.357160188625,0.0009912627417682097,710737.4662585042,249.6743904258758,0.0
low,low,coolant_recovery,single,steady,Q09,422.6724451421049,61.095087243101645,89.75698002381598,258586.54137767444,104331.62827439289,0.0025954577957874522,2077768.0447017136,359.73987703679995,0.0
low,low,coolant_recovery,single,transition,Q09,422.6724451421049,61.095087243101645,89.75698002381598,258586.54137767444,62305.23224148244,0.0019650618552937947,1405345.7081751463,359.73987703679995,0.0
low,low,coolant_recovery,two,steady,Q09,447.29925407507545,61.095087243101645,89.75698002381597,129293.27068883734,53136.70628731855,0.0013080600841724234,1048698.540299165,359.7398770367999,0.0
low,low,coolant_recovery,two,transition,Q09,447.29925407507545,61.095087243101645,89.75698002381597,129293.27068883734,32123.508270863298,0.0009928621139255948,712487.3720358812,359.7398770367999,0.0
low,low,combined_strategy,single,steady,Q09,297.1269283171519,49.97895024108467,73.4258651690009,206053.54633653635,83057.9385405268,0.0020674097082880524,1654879.9541222004,249.67439042587583,0.0
low,low,combined_strategy,single,transition,Q09,297.1269283171519,49.97895024108467,73.4258651690009,206053.54633653635,49932.00736575066,0.0015705207406664103,1124865.0553257822,249.67439042587583,0.0
low,low,combined_strategy,two,steady,Q09,315.80523134812233,49.97895024108466,73.4258651690009,103026.77316826834,42221.52418526863,0.0010411394481576461,834451.9095819402,249.6743904258758,0.0
low,low,combined_strategy,two,transition,Q09,315.80523134812233,49.97895024108466,73.4258651690009,103026.77316826834,25658.55859788054,0.0007926949643468248,569444.4601837307,249.6743904258758,0.0
low,central,baseline,single,steady,Q09,874.8791603618643,253.54920227705173,0.0,438805.27759304707,177398.64395908106,0.004408085851160479,3529207.549962999,616.6969320630857,0.0
low,central,baseline,single,transition,Q09,874.8791603618643,253.54920227705173,0.0,438805.27759304707,105934.06566984643,0.0033361171768219585,2385774.2973352442,616.6969320630857,0.0
low,central,baseline,two,steady,Q09,916.7024394299891,253.54920227705173,0.0,219402.6387965238,90701.32473860728,0.0022253306991822934,1784623.8025721677,616.6969320630856,0.0
low,central,baseline,two,transition,Q09,916.7024394299891,253.54920227705173,0.0,219402.6387965238,54969.035593989895,0.0016893463620130328,1212907.1762582897,616.6969320630856,0.0
low,central,improved_pue,single,steady,Q09,874.8791603618643,253.54920227705173,0.0,349474.5547315037,141666.35481446373,0.0035147786225450447,2814561.767070652,616.6969320630857,0.0
low,central,improved_pue,single,transition,Q09,874.8791603618643,253.54920227705173,0.0,349474.5547315037,85358.70420279815,0.0026701638633700613,1913639.3572840025,616.6969320630857,0.0
low,central,improved_pue,two,steady,Q09,916.7024394299891,253.54920227705173,0.0,174737.2773657521,72835.1801662986,0.0017786770848745768,1427300.9111259943,616.6969320630856,0.0
low,central,improved_pue,two,transition,Q09,916.7024394299891,253.54920227705173,0.0,174737.2773657521,44681.35486046576,0.001356369705287084,976839.706232669,616.6969320630856,0.0
low,central,advanced_coolant,single,steady,Q09,632.1557857216858,207.11718823720804,0.0,438805.27759304707,176889.98120278082,0.0044027670635272765,3524120.922399996,427.9064671767344,0.0
low,central,advanced_coolant,single,transition,Q09,632.1557857216858,207.11718823720804,0.0,438805.27759304707,105425.40291354615,0.0033307983891887566,2380687.6697722417,427.9064671767344,0.0
low,central,advanced_coolant,two,steady,Q09,663.8437876201863,207.11718823720804,0.0,219402.6387965238,89907.92477264798,0.002217048459417402,1776689.802912575,427.90646717673434,0.0
low,central,advanced_coolant,two,transition,Q09,663.8437876201863,207.11718823720804,0.0,219402.6387965238,54175.63562803061,0.001681064122248141,1204973.1765986967,427.90646717673434,0.0
low,central,coolant_recovery,single,steady,Q09,724.0173850070186,102.68742692220597,150.86177535484575,438805.27759304707,177056.98640901275,0.004404447420107803,3525968.4589039097,616.6969320630857,0.0
low,central,coolant_recovery,single,transition,Q09,724.0173850070186,102.68742692220597,150.86177535484575,438805.27759304707,105592.4081197781,0.0033324787457692834,2382535.206276155,616.6969320630857,0.0
low,central,coolant_recovery,two,steady,Q09,765.8406640751433,102.68742692220594,150.86177535484572,219402.6387965238,90188.83841350478,0.0022198730526032796,1779765.1659835335,616.6969320630856,0.0
low,central,coolant_recovery,two,transition,Q09,765.8406640751433,102.68742692220594,150.86177535484572,219402.6387965238,54456.549268887415,0.0016838887154340188,1208048.5396696557,616.6969320630856,0.0
low,central,combined_strategy,single,steady,Q09,508.9210587205471,83.88246123606928,123.23472700113875,349474.5547315037,140878.60164701383,0.003506487703260639,2806829.217427919,427.9064671767344,0.0
low,central,combined_strategy,single,transition,Q09,508.9210587205471,83.88246123606928,123.23472700113875,349474.5547315037,84570.95103534823,0.0026618729440856547,1905906.8076412696,427.9064671767344,0.0
low,central,combined_strategy,two,steady,Q09,540.6090606190476,83.88246123606926,123.23472700113875,174737.2773657521,71623.14458361486,0.0017659366476328786,1415398.0283468063,427.90646717673434,0.0
low,central,combined_strategy,two,transition,Q09,540.6090606190476,83.88246123606926,123.23472700113875,174737.2773657521,43469.319277782015,0.0013436292680453867,964936.8234534806,427.90646717673434,0.0
low,high,baseline,single,steady,Q09,1237.3951149265138,356.3124387185034,0.0,619023.920304392,250262.5145709691,0.006218550229729635,4978720.826927259,873.6539870893714,0.0
low,high,baseline,single,transition,Q09,1237.3951149265138,356.3124387185034,0.0,619023.920304392,149359.77551231463,0.004705009143849819,3364277.001988788,873.6539870893714,0.0
low,high,baseline,two,steady,Q09,1296.414856722965,356.31243871850336,0.0,309511.96015219635,127961.26296008633,0.0031393567338044302,2517660.470209649,873.6539870893712,0.0
low,high,baseline,two,transition,Q09,1296.414856722965,356.31243871850336,0.0,309511.96015219635,77509.89343075905,0.002382586190864521,1710438.5577404122,873.6539870893712,0.0
low,high,improved_pue,single,steady,Q09,1237.3951149265138,356.3124387185034,0.0,492895.49648107385,199811.14504164187,0.004957265991496455,3969693.4363407143,873.6539870893714,0.0
low,high,improved_pue,single,transition,Q09,1237.3951149265138,356.3124387185034,0.0,492895.49648107385,120321.79065117605,0.0037649256756394677,2697863.766093261,873.6539870893714,0.0
low,high,improved_pue,two,steady,Q09,1296.414856722965,356.31243871850336,0.0,246447.74824053736,102735.57819542271,0.0025087146146878393,2013146.7749163765,873.6539870893712,0.0
low,high,improved_pue,two,transition,Q09,1296.414856722965,356.31243871850336,0.0,246447.74824053736,62990.90100018974,0.0019125444567593456,1377231.939792649,873.6539870893712,0.0
low,high,advanced_coolant,single,steady,Q09,893.8053834810594,290.87734763090924,0.0,619023.920304392,249542.61756253437,0.006211024084189851,4971521.856842912,606.1371699995434,0.0
low,high,advanced_coolant,single,transition,Q09,893.8053834810594,290.87734763090924,0.0,619023.920304392,148639.87850387994,0.004697482998310034,3357078.031904441,606.1371699995434,0.0
low,high,advanced_coolant,two,steady,Q09,938.5030143032544,290.8773476309092,0.0,309511.96015219635,126838.4511145115,0.003127637852165525,2506432.3517539008,606.1371699995434,0.0
low,high,advanced_coolant,two,transition,Q09,938.5030143032544,290.8773476309092,0.0,309511.96015219635,76387.08158518422,0.002370867309225616,1699210.4392846639,606.1371699995434,0.0
low,high,coolant_recovery,single,steady,Q09,1025.3892138890044,144.3065376809939,212.0059010375095,619023.920304392,249782.3835597959,0.006213437146234025,4974168.93552263,873.6539870893714,0.0
low,high,coolant_recovery,single,transition,Q09,1025.3892138890044,144.3065376809939,212.0059010375095,619023.920304392,148879.64450114145,0.004699896060354209,3359725.110584159,873.6539870893714,0.0
low,high,coolant_recovery,two,steady,Q09,1084.4089556854556,144.30653768099387,212.00590103750943,309511.96015219635,127241.06644332655,0.0031316871085610145,2510832.6331027052,873.6539870893712,0.0
low,high,coolant_recovery,two,transition,Q09,1084.4089556854556,144.30653768099387,212.00590103750943,309511.96015219635,76789.69691399926,0.002374916565621105,1703610.7206334686,873.6539870893712,0.0
low,high,combined_strategy,single,steady,Q09,720.7333616406684,117.80532579051825,173.072021840391,492895.49648107385,198699.2908072745,0.004945565756018166,3958778.5081403824,606.1371699995434,0.0
low,high,combined_strategy,single,transition,Q09,720.7333616406684,117.80532579051825,173.072021840391,492895.49648107385,119209.93641680868,0.003753225440161179,2686948.837892929,606.1371699995434,0.0
low,high,combined_strategy,two,steady,Q09,765.4309924628635,117.80532579051824,173.07202184039096,246447.74824053736,101024.83051094892,0.0024907345981411795,1996344.7192866507,606.1371699995434,0.0
low,high,combined_strategy,two,transition,Q09,765.4309924628635,117.80532579051824,173.07202184039096,246447.74824053736,61280.15331571594,0.001894564440212685,1360429.8841629233,606.1371699995434,0.0
central,low,baseline,single,steady,Q09,790.8627744811159,229.60971172088,0.0,397708.5059320883,160779.932777658,0.003995198411927714,3198633.351504933,558.0416964096,0.0
central,low,baseline,single,transition,Q09,790.8627744811159,229.60971172088,0.0,397708.5059320883,96061.71727965595,0.0030244251794576834,2163141.9035369004,558.0416964096,0.0
central,low,baseline,two,steady,Q09,828.6398692538792,229.60971172087994,0.0,198854.25296604435,82199.82807797004,0.0020168458714138735,1617415.292643878,558.0416964096,0.0
central,low,baseline,two,transition,Q09,828.6398692538792,229.60971172087994,0.0,198854.25296604435,49840.72032896899,0.0015314592551788574,1099669.5686598609,558.0416964096,0.0
central,low,improved_pue,single,steady,Q09,790.8627744811159,229.60971172088,0.0,316810.7365595857,128420.82502865695,0.0031862207182026883,2551451.1965249125,558.0416964096,0.0
central,low,improved_pue,single,transition,Q09,790.8627744811159,229.60971172088,0.0,316810.7365595857,77420.66492766172,0.00242121831668776,1735448.6349089886,558.0416964096,0.0
central,low,improved_pue,two,steady,Q09,828.6398692538792,229.60971172087994,0.0,158405.36827979313,66020.27420346954,0.0016123570245513605,1293824.2151538676,558.0416964096,0.0
central,low,improved_pue,two,transition,Q09,828.6398692538792,229.60971172087994,0.0,158405.36827979313,40520.194152971875,0.0012298558237938957,885822.9343459052,558.0416964096,0.0
central,low,advanced_coolant,single,steady,Q09,571.3292978919598,187.8067531783849,0.0,397708.5059320883,160319.96434520846,0.003990389712810506,3194033.6671804376,387.09573268666054,0.0
central,low,advanced_coolant,single,transition,Q09,571.3292978919598,187.8067531783849,0.0,397708.5059320883,95601.74884720639,0.0030196164803404754,2158542.2192124045,387.09573268666054,0.0
central,low,advanced_coolant,two,steady,Q09,599.9628913454429,187.8067531783849,0.0,198854.25296604435,81482.44492533787,0.002009358517698483,1610241.461117556,387.0957326866605,0.0
central,low,advanced_coolant,two,transition,Q09,599.9628913454429,187.8067531783849,0.0,198854.25296604435,49123.337176336805,0.0015239719014634669,1092495.7371335393,387.0957326866605,0.0
central,low,coolant_recovery,single,steady,Q09,654.2449960071922,92.9919332469564,136.61777847392358,397708.5059320883,160470.5336911141,0.00399190351256452,3195700.0874376986,558.0416964096,0.0
central,low,coolant_recovery,single,transition,Q09,654.2449960071922,92.9919332469564,136.61777847392358,397708.5059320883,95752.31819311206,0.0030211302800944887,2160208.639469666,558.0416964096,0.0
central,low,coolant_recovery,two,steady,Q09,692.0220907799556,92.99193324695638,136.61777847392355,198854.25296604435,81735.72944815422,0.0020119035223690814,1613015.3965430267,558.0416964096,0.0
central,low,coolant_recovery,two,transition,Q09,692.0220907799556,92.99193324695638,136.61777847392355,198854.25296604435,49376.621699153155,0.0015265169061340655,1095269.6725590096,558.0416964096,0.0
central,low,combined_strategy,single,steady,Q09,459.58427975082077,76.0617350372459,111.745018141139,316810.7365595857,127707.78699629952,0.0031787169921773705,2544452.280928563,387.09573268666054,0.0
central,low,combined_strategy,single,transition,Q09,459.58427975082077,76.0617350372459,111.745018141139,316810.7365595857,76707.62689530429,0.0024137145906624417,1728449.7193126392,387.09573268666054,0.0
central,low,combined_strategy,two,steady,Q09,488.217873204304,76.06173503724588,111.745018141139,158405.36827979313,64923.28665097555,0.0016008271304738054,1283051.536719765,387.0957326866605,0.0
central,low,combined_strategy,two,transition,Q09,488.217873204304,76.06173503724588,111.745018141139,158405.36827979313,39423.20660047789,0.0012183259297163407,875050.2559118026,387.0957326866605,0.0
central,central,baseline,single,steady,Q09,1350.254308291216,385.85976705960934,0.0,674930.2358004949,272865.53282031027,0.0067801660418413704,5428376.271405082,956.6429081307429,0.0
central,central,baseline,single,transition,Q09,1350.254308291216,385.85976705960934,0.0,674930.2358004949,162809.29984015564,0.0051293225471390515,3667476.543722608,956.6429081307429,0.0
central,central,baseline,two,steady,Q09,1414.4153279440675,385.85976705960934,0.0,337465.11790024786,139518.68796922607,0.0034228715353466954,2745047.351293252,956.6429081307429,0.0
central,central,baseline,two,transition,Q09,1414.4153279440675,385.85976705960934,0.0,337465.11790024786,84490.57147914867,0.002597449787995534,1864597.4874520134,956.6429081307429,0.0
central,central,improved_pue,single,steady,Q09,1350.254308291216,385.85976705960934,0.0,537359.9445753016,217837.41633023287,0.005404463129589437,4327813.941603535,956.6429081307429,0.0
central,central,improved_pue,single,transition,Q09,1350.254308291216,385.85976705960934,0.0,537359.9445753016,131142.88289383636,0.004104045128043488,2940701.4066211903,956.6429081307429,0.0
central,central,improved_pue,two,steady,Q09,1414.4153279440675,385.85976705960934,0.0,268679.9722876512,112004.6297241874,0.0027350200792207284,2194766.186392479,956.6429081307429,0.0
central,central,improved_pue,two,transition,Q09,1414.4153279440675,385.85976705960934,0.0,268679.9722876512,68657.36300598907,0.0020848110784477537,1501209.9189013052,956.6429081307429,0.0
central,central,advanced_coolant,single,steady,Q09,974.683439425519,315.1625382755548,0.0,674930.2358004949,272079.0424681868,0.006771947652176215,5420511.367883848,663.4302880977895,0.0
central,central,advanced_coolant,single,transition,Q09,974.683439425519,315.1625382755548,0.0,674930.2358004949,162022.8094880322,0.005121104157473897,3659611.640201373,663.4302880977895,0.0
central,central,advanced_coolant,two,steady,Q09,1023.264918642705,315.16253827555477,0.0,337465.11790024786,138292.21381973394,0.003410076564635893,2732782.609798331,663.4302880977895,0.0
central,central,advanced_coolant,two,transition,Q09,1023.264918642705,315.16253827555477,0.0,337465.11790024786,83264.09732965656,0.0025846548172847325,1852332.7459570926,663.4302880977895,0.0
central,central,coolant_recovery,single,steady,Q09,1120.6677468907483,156.2732056591418,229.58656140046756,674930.2358004949,272345.5867841974,0.006774628954184065,5423446.912880896,956.6429081307429,0.0
central,central,coolant_recovery,single,transition,Q09,1120.6677468907483,156.2732056591418,229.58656140046756,674930.2358004949,162289.35380404277,0.005123785459481745,3662547.1851984216,956.6429081307429,0.0
central,central,coolant_recovery,two,steady,Q09,1184.8287665435998,156.2732056591418,229.58656140046753,337465.11790024786,138738.76891505683,0.0034145659038607367,2737653.313506972,956.6429081307429,0.0
central,central,coolant_recovery,two,transition,Q09,1184.8287665435998,156.2732056591418,229.58656140046753,337465.11790024786,83710.65242497945,0.0025891441565095764,1857203.4496657343,956.6429081307429,0.0
central,central,combined_strategy,single,steady,Q09,787.1617291515641,127.64082800159974,187.5217102739551,537359.9445753016,216626.24445778318,0.0053917221575000285,4315922.836655831,663.4302880977895,0.0
central,central,combined_strategy,single,transition,Q09,787.1617291515641,127.64082800159974,187.5217102739551,537359.9445753016,129931.71102138661,0.00409130415595408,2928810.3016734864,663.4302880977895,0.0
central,central,combined_strategy,two,steady,Q09,835.7432083687498,127.64082800159971,187.52171027395505,268679.9722876512,110141.13329420582,0.002715441234873545,2176462.1427578526,663.4302880977895,0.0
central,central,combined_strategy,two,transition,Q09,835.7432083687498,127.64082800159971,187.52171027395505,268679.9722876512,66793.86657600748,0.0020652322341005707,1482905.8752666789,663.4302880977895,0.0
central,high,baseline,single,steady,Q09,1909.711593771654,542.1753948756402,0.0,952151.8273551427,384951.24182703823,0.009565134259375616,7658119.727690953,1355.2441198518857,0.0
central,high,baseline,single,transition,Q09,1909.711593771654,542.1753948756402,0.0,952151.8273551427,229557.02380639914,0.00723422098906603,5171812.239360727,1355.2441198518857,0.0
central,high,baseline,two,steady,Q09,2000.2565274681285,542.1753948756401,0.0,476075.9136775719,196837.7665995899,0.004828899463522898,3872681.320706187,1355.2441198518857,0.0
central,high,baseline,two,transition,Q09,2000.2565274681285,542.1753948756401,0.0,476075.9136775719,119140.65758927024,0.0036634428283681027,2629527.5765410718,1355.2441198518857,0.0
central,high,improved_pue,single,steady,Q09,1909.711593771654,542.1753948756402,0.0,757909.0548293439,307254.13281671866,0.007622706534117627,6104177.547484562,1355.2441198518857,0.0
central,high,improved_pue,single,transition,Q09,1909.711593771654,542.1753948756402,0.0,757909.0548293439,184865.2496069151,0.005786873285970575,4145955.4161277055,1355.2441198518857,0.0
central,high,improved_pue,two,steady,Q09,2000.2565274681285,542.1753948756401,0.0,378954.52741467254,157989.2120944301,0.0038576856008939037,3095710.230602991,1355.2441198518857,0.0
central,high,improved_pue,two,transition,Q09,2000.2565274681285,542.1753948756401,0.0,378954.52741467254,96794.77048952825,0.0029397689768203756,2116599.164924561,1355.2441198518857,0.0
central,high,advanced_coolant,single,steady,Q09,1378.0851258265131,442.56684111578585,0.0,952151.8273551427,383838.184614268,0.009553505644479116,7646989.155563252,939.7637762486826,0.0
central,high,advanced_coolant,single,transition,Q09,1378.0851258265131,442.56684111578585,0.0,952151.8273551427,228443.96659362892,0.007222592374169529,5160681.667233026,939.7637762486826,0.0
central,high,advanced_coolant,two,steady,Q09,1446.6144130319744,442.5668411157858,0.0,476075.9136775719,195102.13384096153,0.004810796071783415,3855324.993119903,939.7637762486825,0.0
central,high,advanced_coolant,two,transition,Q09,1446.6144130319744,442.5668411157858,0.0,476075.9136775719,117405.0248306419,0.0036453394366286205,2612171.248954789,939.7637762486825,0.0
central,high,coolant_recovery,single,steady,Q09,1587.1172338206482,219.5810349246343,322.59435995100586,952151.8273551427,384220.66048244335,0.009557354042459153,7651193.437021418,1355.2441198518857,0.0
central,high,coolant_recovery,single,transition,Q09,1587.1172338206482,219.5810349246343,322.59435995100586,952151.8273551427,228826.4424618042,0.0072264407721495645,5164885.94869119,1355.2441198518857,0.0
central,high,coolant_recovery,two,steady,Q09,1677.662167517123,219.58103492463425,322.59435995100586,476075.9136775719,195741.89458269748,0.0048172291381482,3862291.884701882,1355.2441198518857,0.0
central,high,coolant_recovery,two,transition,Q09,1677.662167517123,219.58103492463425,322.59435995100586,476075.9136775719,118044.78557237786,0.0036517725029934054,2619138.1405367674,1355.2441198518857,0.0
central,high,combined_strategy,single,steady,Q09,1114.7578553626204,179.2395706518933,263.32727046389255,757909.0548293439,305544.716785545,0.007604727085051116,6087393.183961606,939.7637762486826,0.0
central,high,combined_strategy,single,transition,Q09,1114.7578553626204,179.2395706518933,263.32727046389255,757909.0548293439,183155.83357574142,0.005768893836904062,4129171.0526047493,939.7637762486826,0.0
central,high,combined_strategy,two,steady,Q09,1183.287142568082,179.23957065189325,263.32727046389255,378954.52741467254,155359.04110819648,0.0038300559578994036,3069873.2159238257,939.7637762486825,0.0
central,high,combined_strategy,two,transition,Q09,1183.287142568082,179.23957065189325,263.32727046389255,378954.52741467254,94164.59950329461,0.0029121393338258756,2090762.1502453964,939.7637762486825,0.0
high,low,baseline,single,steady,Q09,1126.1186430439705,326.9826609648395,0.0,569582.4513481418,230248.70915582712,0.005721616712951946,4580816.896950838,791.2495336512,0.0
high,low,baseline,single,transition,Q09,1126.1186430439705,326.9826609648395,0.0,569582.4513481418,137556.5625034048,0.004331234513165612,3097742.550512082,791.2495336512,0.0
high,low,baseline,two,steady,Q09,1180.1647610294701,326.9826609648394,0.0,284791.22567407123,117702.22154844053,0.0028882219394860686,2316187.1181806903,791.2495336512,0.0
high,low,baseline,two,transition,Q09,1180.1647610294701,326.9826609648394,0.0,284791.22567407123,71356.14822222934,0.002193030839592901,1574649.9449613113,791.2495336512,0.0
high,low,improved_pue,single,steady,Q09,1126.1186430439705,326.9826609648395,0.0,453717.26803261397,183902.63582961596,0.004562964879796667,3653895.4304266153,791.2495336512,0.0
high,low,improved_pue,single,transition,Q09,1126.1186430439705,326.9826609648395,0.0,453717.26803261397,110856.9871630135,0.0034672801497976306,2485165.051760976,791.2495336512,0.0
high,low,improved_pue,two,steady,Q09,1180.1647610294701,326.9826609648394,0.0,226858.6340163073,94529.18488533498,0.00230889602290843,1852726.384918579,791.2495336512,0.0
high,low,improved_pue,two,transition,Q09,1180.1647610294701,326.9826609648394,0.0,226858.6340163073,58006.3605520337,0.0017610536579089108,1268361.1955857584,791.2495336512,0.0
high,low,advanced_coolant,single,steady,Q09,814.5216236551405,267.3125475323109,0.0,569582.4513481418,229595.68006033316,0.005714788071429845,4574286.605995899,549.2919200913153,0.0
high,low,advanced_coolant,single,transition,Q09,814.5216236551405,267.3125475323109,0.0,569582.4513481418,136903.5334079109,0.004324405871643511,3091212.259557143,549.2919200913153,0.0
high,low,advanced_coolant,two,steady,Q09,855.4928531316532,267.3125475323108,0.0,284791.22567407123,116683.45323967269,0.0028775867305476464,2305999.4350930117,549.2919200913153,0.0
high,low,advanced_coolant,two,transition,Q09,855.4928531316532,267.3125475323108,0.0,284791.22567407123,70337.3799134615,0.002182395630654479,1564462.261873633,549.2919200913153,0.0
high,low,coolant_recovery,single,steady,Q09,931.563959769891,132.42797769075997,194.55468327407948,569582.4513481418,229808.10002017696,0.005716924511767101,4576639.693457012,791.2495336512,0.0
high,low,coolant_recovery,single,transition,Q09,931.563959769891,132.42797769075997,194.55468327407948,569582.4513481418,137115.95336775467,0.004326542311980767,3093565.3470182554,791.2495336512,0.0
high,low,coolant_recovery,two,steady,Q09,985.6100777553906,132.42797769075997,194.55468327407945,284791.22567407123,117041.30784496537,0.002881183637708801,2309921.312939951,791.2495336512,0.0
high,low,coolant_recovery,two,transition,Q09,985.6100777553906,132.42797769075997,194.55468327407945,284791.22567407123,70695.23451875417,0.0021859925378156326,1568384.1397205724,791.2495336512,0.0
high,low,combined_strategy,single,steady,Q09,655.4706578734155,108.2615817505859,159.05096578172493,453717.26803261397,182889.40307632225,0.004552300303217477,3643950.2216769503,549.2919200913153,0.0
high,low,combined_strategy,single,transition,Q09,655.4706578734155,108.2615817505859,159.05096578172493,453717.26803261397,109843.7544097198,0.00345661557321844,2475219.8430113113,549.2919200913153,0.0
high,low,combined_strategy,two,steady,Q09,696.4418873499283,108.2615817505859,159.05096578172493,226858.6340163073,92970.11108986745,0.002292506911384375,1837416.3251388124,549.2919200913153,0.0
high,low,combined_strategy,two,transition,Q09,696.4418873499283,108.2615817505859,159.05096578172493,226858.6340163073,56447.28675656617,0.0017446645463848553,1253051.1358059922,549.2919200913153,0.0
high,central,baseline,single,steady,Q09,1922.3339552212085,549.4518848178644,0.0,966615.2179087065,390765.48101633403,0.009710093377039666,7774115.681798164,1356.4277719734857,0.0
high,central,baseline,single,transition,Q09,1922.3339552212085,549.4518848178644,0.0,966615.2179087065,233138.34356315955,0.007345686315242053,5252081.482547374,1356.4277719734857,0.0
high,central,baseline,two,steady,Q09,2014.125920868432,549.4518848178644,0.0,483307.60895435384,199777.51025796018,0.004901741645441859,3931005.5383970174,1356.4277719734857,0.0
high,central,baseline,two,transition,Q09,2014.125920868432,549.4518848178644,0.0,483307.60895435384,120963.94153137294,0.003719538114543049,2669988.4387716204,1356.4277719734857,0.0
high,central,improved_pue,single,steady,Q09,1922.3339552212085,549.4518848178644,0.0,769581.2960922385,311951.91228974675,0.0077397541588749875,6197844.307266421,1356.4277719734857,0.0
high,central,improved_pue,single,transition,Q09,1922.3339552212085,549.4518848178644,0.0,769581.2960922385,187782.41506836587,0.0058772117005542746,4211132.351724327,1356.4277719734857,0.0
high,central,improved_pue,two,steady,Q09,2014.125920868432,549.4518848178644,0.0,384790.6480461198,160370.72589466663,0.003916572036359518,3142869.8511311454,1356.4277719734857,0.0
high,central,improved_pue,two,transition,Q09,2014.125920868432,549.4518848178644,0.0,384790.6480461198,98285.97728397608,0.0029853008071991614,2149513.873360097,1356.4277719734857,0.0
high,central,advanced_coolant,single,steady,Q09,1389.3193539084443,448.56836313514566,0.0,966615.2179087065,389649.0100528671,0.009698424249796587,7762950.9721634975,941.412362310096,0.0
high,central,advanced_coolant,single,transition,Q09,1389.3193539084443,448.56836313514566,0.0,966615.2179087065,232021.87259969272,0.00733401718799897,5240916.772912706,941.412362310096,0.0
high,central,advanced_coolant,two,steady,Q09,1458.8336506007238,448.5683631351456,0.0,483307.60895435384,198035.97080589505,0.004883569624508586,3913590.1438763654,941.4123623100959,0.0
high,central,advanced_coolant,two,transition,Q09,1458.8336506007238,448.5683631351456,0.0,483307.60895435384,119222.40207930777,0.0037013660936097777,2652573.044250969,941.4123623100959,0.0
high,central,coolant_recovery,single,steady,Q09,1595.4100837545795,222.5280133512352,326.92387146662935,966615.2179087065,390025.0946015419,0.009702208742492531,7767096.433969617,1356.4277719734857,0.0
high,central,coolant_recovery,single,transition,Q09,1595.4100837545795,222.5280133512352,326.92387146662935,966615.2179087065,232397.9571483675,0.007337801680694915,5245062.2347188275,1356.4277719734857,0.0
high,central,coolant_recovery,two,steady,Q09,1687.2020494018032,222.52801335123513,326.92387146662935,483307.60895435384,198666.9306357721,0.004889914693621155,3920476.6666541947,1356.4277719734857,0.0
high,central,coolant_recovery,two,transition,Q09,1687.2020494018032,222.52801335123513,326.92387146662935,483307.60895435384,119853.36190918481,0.0037077111627223454,2659459.567028799,1356.4277719734857,0.0
high,central,combined_strategy,single,steady,Q09,1122.4211778430326,181.670187069734,266.8981760654117,769581.2960922385,310230.9954569553,0.007721648075620915,6180949.136792701,941.412362310096,0.0
high,central,combined_strategy,single,transition,Q09,1122.4211778430326,181.670187069734,266.8981760654117,769581.2960922385,186061.49823557437,0.005859105617300202,4194237.181250606,941.412362310096,0.0
high,central,combined_strategy,two,steady,Q09,1191.9354745353119,181.670187069734,266.89817606541163,384790.6480461198,157722.51763861458,0.003888744581409763,3116858.7653519167,941.4123623100959,0.0
high,central,combined_strategy,two,transition,Q09,1191.9354745353119,181.670187069734,266.89817606541163,384790.6480461198,95637.769027924,0.002957473352249405,2123502.787580868,941.4123623100959,0.0
high,high,baseline,single,steady,Q09,2718.5694277269486,771.9410316097219,0.0,1363647.7836988887,551282.2228508141,0.013698568635859523,10967413.363303695,1921.6060102957717,0.0
high,high,baseline,single,transition,Q09,2718.5694277269486,771.9410316097219,0.0,1363647.7836988887,328720.14134539047,0.010360137413278167,7406420.059216916,1921.6060102957717,0.0
high,high,baseline,two,steady,Q09,2848.1072252451754,771.9410316097219,0.0,681823.8918494451,281852.83418922086,0.006915261250725952,5545823.909289989,1921.6060102957713,0.0
high,high,baseline,two,transition,Q09,2848.1072252451754,771.9410316097219,0.0,681823.8918494451,170571.79343650883,0.005246045639435271,3765327.2572465963,1921.6060102957713,0.0
high,high,improved_pue,single,steady,Q09,2718.5694277269486,771.9410316097219,0.0,1085445.1818171088,440001.18209810223,0.010916542617041725,8741792.548249457,1921.6060102957717,0.0
high,high,improved_pue,single,transition,Q09,2718.5694277269486,771.9410316097219,0.0,1085445.1818171088,264707.87031444255,0.008287142940286828,5937099.559710902,1921.6060102957717,0.0
high,high,improved_pue,two,steady,Q09,2848.1072252451754,771.9410316097219,0.0,542722.5909085552,226212.3138128649,0.005524248241317054,4433013.50176287,1921.6060102957713,0.0
high,high,improved_pue,two,transition,Q09,2848.1072252451754,771.9410316097219,0.0,542722.5909085552,138565.6579210349,0.004209548402939603,3030667.00749359,1921.6060102957713,0.0
high,high,advanced_coolant,single,steady,Q09,1964.1335552667872,629.840192406626,0.0,1363647.7836988887,549702.3006862924,0.013682058910018287,10951614.141658477,1333.53306263239,0.0
high,high,advanced_coolant,single,transition,Q09,1964.1335552667872,629.840192406626,0.0,1363647.7836988887,327140.21918086853,0.010343627687436933,7390620.837571695,1333.53306263239,0.0
high,high,advanced_coolant,two,steady,Q09,2062.190882143035,629.840192406626,0.0,681823.8918494451,279388.5095305121,0.00688955224784484,5521180.662702901,1333.53306263239,0.0
high,high,advanced_coolant,two,transition,Q09,2062.190882143035,629.840192406626,0.0,681823.8918494451,168107.4687778001,0.005220336636554161,3740684.0106595084,1333.53306263239,0.0
high,high,coolant_recovery,single,steady,Q09,2259.2645139191636,312.6361178019375,459.30491380778443,1363647.7836988887,550242.0323107201,0.013687491282055922,10957551.816624884,1921.6060102957717,0.0
high,high,coolant_recovery,single,transition,Q09,2259.2645139191636,312.6361178019375,459.30491380778443,1363647.7836988887,327679.9508052963,0.010349060059474564,7396558.5125381015,1921.6060102957717,0.0
high,high,coolant_recovery,two,steady,Q09,2388.80231143739,312.6361178019374,459.30491380778443,681823.8918494451,280292.5483790797,0.006898645220020553,5531031.589271767,1921.6060102957713,0.0
high,high,coolant_recovery,two,transition,Q09,2388.80231143739,312.6361178019374,459.30491380778443,681823.8918494451,169011.50762636767,0.005229429608729872,3750534.937228374,1921.6060102957713,0.0
high,high,combined_strategy,single,steady,Q09,1589.3786407848447,255.08527792468357,374.7549144819425,1085445.1818171088,437572.55027431244,0.010890994684439454,8717947.118146244,1333.53306263239,0.0
high,high,combined_strategy,single,transition,Q09,1589.3786407848447,255.08527792468357,374.7549144819425,1085445.1818171088,262279.2384906528,0.00826159500768456,5913254.129607689,1333.53306263239,0.0
high,high,combined_strategy,two,steady,Q09,1687.4359676610925,255.08527792468357,374.7549144819424,542722.5909085552,222474.9246652543,0.00548498192829439,4396300.9424887905,1333.53306263239,0.0
high,high,combined_strategy,two,transition,Q09,1687.4359676610925,255.08527792468357,374.7549144819424,542722.5909085552,134828.26877342426,0.004170282089916939,2993954.4482195103,1333.53306263239,0.0
