growth,cooling,strategy,background,phase,parameter,level,multiplier,metric,baseline,value,change_percent
central,central,baseline,transition,single,demand,low,0.9,virgin_coolant_kg,1350.254308291216,1218.240641449258,-9.77694838900569
central,central,baseline,transition,single,demand,low,0.9,treated_coolant_kg,385.85976705960934,351.74354713323174,-8.841611082273616
central,central,baseline,transition,single,demand,low,0.9,recovered_coolant_kg,0.0,0.0,
central,central,baseline,transition,single,demand,low,0.9,cooling_kwh,674930.2358004949,611659.9568503998,-9.37434353864054
central,central,baseline,transition,single,demand,low,0.9,CC_kg_co2e,162809.29984015564,147715.36843787535,-9.270927039855426
central,central,baseline,transition,single,demand,low,0.9,HTC_ctuh,0.0051293225471390515,0.00465106730642307,-9.323945537071642
central,central,baseline,transition,single,demand,low,0.9,CED_mj_eq,3667476.543722608,3326427.707627855,-9.299277910270632
central,central,baseline,transition,two,demand,low,0.9,virgin_coolant_kg,1414.4153279440675,1276.4033546750507,-9.757528113727743
central,central,baseline,transition,two,demand,low,0.9,treated_coolant_kg,385.85976705960934,351.74354713323174,-8.841611082273616
central,central,baseline,transition,two,demand,low,0.9,recovered_coolant_kg,0.0,0.0,
central,central,baseline,transition,two,demand,low,0.9,cooling_kwh,337465.11790024786,305829.9784252003,-9.37434353864055
central,central,baseline,transition,two,demand,low,0.9,CC_kg_co2e,84490.57147914867,76644.52541508028,-9.286297780580998
central,central,baseline,transition,two,demand,low,0.9,HTC_ctuh,0.002597449787995534,0.002355160782908629,-9.327957221990468
central,central,baseline,transition,two,demand,low,0.9,CED_mj_eq,1864597.4874520134,1691082.2657753546,-9.30577365057853
central,central,baseline,transition,single,demand,high,1.1,virgin_coolant_kg,1350.254308291216,1484.9997717999188,9.97926558584561
central,central,baseline,transition,single,demand,high,1.1,treated_coolant_kg,385.85976705960934,421.98823200321004,9.363107540055982
central,central,baseline,transition,single,demand,high,1.1,recovered_coolant_kg,0.0,0.0,
central,central,baseline,transition,single,demand,high,1.1,cooling_kwh,674930.2358004949,741439.2092639557,9.854199728447256
central,central,baseline,transition,single,demand,high,1.1,CC_kg_co2e,162809.29984015564,178923.93485191633,9.897859045878743
central,central,baseline,transition,single,demand,high,1.1,HTC_ctuh,0.0051293225471390515,0.005635820832696576,9.874564933336693
central,central,baseline,transition,single,demand,high,1.1,CED_mj_eq,3667476.543722608,4029999.7304953816,9.884812689348532
central,central,baseline,transition,two,demand,high,1.1,virgin_coolant_kg,1414.4153279440675,1555.4787092310346,9.973264464830889
central,central,baseline,transition,two,demand,high,1.1,treated_coolant_kg,385.85976705960934,421.98823200321,9.36310754005596
central,central,baseline,transition,two,demand,high,1.1,recovered_coolant_kg,0.0,0.0,
central,central,baseline,transition,two,demand,high,1.1,cooling_kwh,337465.11790024786,370719.60463197826,9.854199728447256
central,central,baseline,transition,two,demand,high,1.1,CC_kg_co2e,84490.57147914867,92854.39789785308,9.89912397594388
central,central,baseline,transition,two,demand,high,1.1,HTC_ctuh,0.002597449787995534,0.0028539446622272554,9.874873247488637
central,central,baseline,transition,two,demand,high,1.1,CED_mj_eq,1864597.4874520134,2048924.1699666409,9.885601785643905
central,central,baseline,transition,single,hardware,low,0.9,virgin_coolant_kg,1350.254308291216,1339.296127191426,-0.8115642388623723
central,central,baseline,transition,single,hardware,low,0.9,treated_coolant_kg,385.85976705960934,382.4129372932051,-0.8932856080514195
central,central,baseline,transition,single,hardware,low,0.9,recovered_coolant_kg,0.0,0.0,
central,central,baseline,transition,single,hardware,low,0.9,cooling_kwh,674930.2358004949,673695.6690991267,-0.18291767591415153
central,central,baseline,transition,single,hardware,low,0.9,CC_kg_co2e,162809.29984015564,162450.46304337194,-0.22040313245987875
central,central,baseline,transition,single,hardware,low,0.9,HTC_ctuh,0.0051293225471390515,0.005119102693118403,-0.1992437388510182
central,central,baseline,transition,single,hardware,low,0.9,CED_mj_eq,3667476.543722608,3659901.686914376,-0.2065413839168917
central,central,baseline,transition,two,hardware,low,0.9,virgin_coolant_kg,1414.4153279440675,1403.2709337171202,-0.7879152612936036
central,central,baseline,transition,two,hardware,low,0.9,treated_coolant_kg,385.85976705960934,382.41293729320506,-0.8932856080514306
central,central,baseline,transition,two,hardware,low,0.9,recovered_coolant_kg,0.0,0.0,
central,central,baseline,transition,two,hardware,low,0.9,cooling_kwh,337465.11790024786,336847.83454956365,-0.18291767591418484
central,central,baseline,transition,two,hardware,low,0.9,CC_kg_co2e,84490.57147914867,84286.95466429259,-0.24099353488966635
central,central,baseline,transition,two,hardware,low,0.9,HTC_ctuh,0.002597449787995534,0.002592080642671736,-0.20670833941093258
central,central,baseline,transition,two,hardware,low,0.9,CED_mj_eq,1864597.4874520134,1860568.0748832552,-0.21610093309009093
central,central,baseline,transition,single,hardware,high,1.1,virgin_coolant_kg,1350.254308291216,1352.8282996802711,0.19063011858209133
central,central,baseline,transition,single,hardware,high,1.1,treated_coolant_kg,385.85976705960934,387.84759431358464,0.5151683133806095
central,central,baseline,transition,single,hardware,high,1.1,recovered_coolant_kg,0.0,0.0,
central,central,baseline,transition,single,hardware,high,1.1,cooling_kwh,674930.2358004949,679056.0619867556,0.6112966892596328
central,central,baseline,transition,single,hardware,high,1.1,CC_kg_co2e,162809.29984015564,163853.18166311271,0.6411684246427907
central,central,baseline,transition,single,hardware,high,1.1,HTC_ctuh,0.0051293225471390515,0.005161463308882695,0.6266083181212911
central,central,baseline,transition,single,hardware,high,1.1,CED_mj_eq,3667476.543722608,3690743.1234095087,0.6344029582608934
central,central,baseline,transition,two,hardware,high,1.1,virgin_coolant_kg,1414.4153279440675,1417.3958626111983,0.2107255632942895
central,central,baseline,transition,two,hardware,high,1.1,treated_coolant_kg,385.85976705960934,387.8475943135846,0.5151683133805873
central,central,baseline,transition,two,hardware,high,1.1,recovered_coolant_kg,0.0,0.0,
central,central,baseline,transition,two,hardware,high,1.1,cooling_kwh,337465.11790024786,339528.0309933782,0.6112966892596328
central,central,baseline,transition,two,hardware,high,1.1,CC_kg_co2e,84490.57147914867,85019.87391686658,0.6264633182751389
central,central,baseline,transition,two,hardware,high,1.1,HTC_ctuh,0.002597449787995534,0.002613603723266019,0.6219152087229007
central,central,baseline,transition,two,hardware,high,1.1,CED_mj_eq,1864597.4874520134,1876304.3925578573,0.6278515971745557
central,central,baseline,transition,single,liquid_share,low,0.9,virgin_coolant_kg,1350.254308291216,1215.2218949587996,-10.000517125052067
central,central,baseline,transition,single,liquid_share,low,0.9,treated_coolant_kg,385.85976705960934,347.2668078503534,-10.001809596099687
central,central,baseline,transition,single,liquid_share,low,0.9,recovered_coolant_kg,0.0,0.0,
central,central,baseline,transition,single,liquid_share,low,0.9,cooling_kwh,674930.2358004949,607437.2122204455,-9.999999999999986
central,central,baseline,transition,single,liquid_share,low,0.9,CC_kg_co2e,162809.29984015564,146528.3523998818,-10.000010721904884
central,central,baseline,transition,single,liquid_share,low,0.9,HTC_ctuh,0.0051293225471390515,0.004616390082950047,-10.00000408387458
central,central,baseline,transition,single,liquid_share,low,0.9,CED_mj_eq,3667476.543722608,3300728.714787765,-10.000004759746394
central,central,baseline,transition,two,liquid_share,low,0.9,virgin_coolant_kg,1414.4153279440675,1272.966812646366,-10.000493667111554
central,central,baseline,transition,two,liquid_share,low,0.9,treated_coolant_kg,385.85976705960934,347.2668078503534,-10.001809596099687
central,central,baseline,transition,two,liquid_share,low,0.9,recovered_coolant_kg,0.0,0.0,
central,central,baseline,transition,two,liquid_share,low,0.9,cooling_kwh,337465.11790024786,303718.6061102231,-9.999999999999986
central,central,baseline,transition,two,liquid_share,low,0.9,CC_kg_co2e,84490.57147914867,76041.48814684646,-10.000030990898612
central,central,baseline,transition,two,liquid_share,low,0.9,HTC_ctuh,0.002597449787995534,0.0023377044949833324,-10.00001209696718
central,central,baseline,transition,two,liquid_share,low,0.9,CED_mj_eq,1864597.4874520134,1678137.476862939,-10.00001404291676
central,central,baseline,transition,single,liquid_share,high,1.1,virgin_coolant_kg,1350.254308291216,1485.2898352166198,10.000747718131354
central,central,baseline,transition,single,liquid_share,high,1.1,treated_coolant_kg,385.85976705960934,424.4558398618526,10.002616519560782
central,central,baseline,transition,single,liquid_share,high,1.1,recovered_coolant_kg,0.0,0.0,
central,central,baseline,transition,single,liquid_share,high,1.1,cooling_kwh,674930.2358004949,742423.2593805445,10.000000000000032
central,central,baseline,transition,single,liquid_share,high,1.1,CC_kg_co2e,162809.29984015564,179090.2550644119,10.000015502947758
central,central,baseline,transition,single,liquid_share,high,1.1,HTC_ctuh,0.0051293225471390515,0.0056422551047358455,10.000005904929665
central,central,baseline,transition,single,liquid_share,high,1.1,CED_mj_eq,3667476.543722608,4034224.450497276,10.0000068821819
central,central,baseline,transition,two,liquid_share,high,1.1,virgin_coolant_kg,1414.4153279440675,1555.8669568347566,10.00071379997678
central,central,baseline,transition,two,liquid_share,high,1.1,treated_coolant_kg,385.85976705960934,424.4558398618525,10.002616519560759
central,central,baseline,transition,two,liquid_share,high,1.1,recovered_coolant_kg,0.0,0.0,
central,central,baseline,transition,two,liquid_share,high,1.1,cooling_kwh,337465.11790024786,371211.6296902727,10.000000000000009
central,central,baseline,transition,two,liquid_share,high,1.1,CC_kg_co2e,84490.57147914867,92939.66648742462,10.000044810160968
central,central,baseline,transition,two,liquid_share,high,1.1,HTC_ctuh,0.002597449787995534,0.00285719522111942,10.000017491169011
central,central,baseline,transition,two,liquid_share,high,1.1,CED_mj_eq,1864597.4874520134,2051057.6148008262,10.000020304844014
central,central,baseline,transition,single,coolant_intensity,low,0.9,virgin_coolant_kg,1350.254308291216,1215.2288774620947,-9.999999999999975
central,central,baseline,transition,single,coolant_intensity,low,0.9,treated_coolant_kg,385.85976705960934,347.27379035364845,-9.999999999999986
central,central,baseline,transition,single,coolant_intensity,low,0.9,recovered_coolant_kg,0.0,0.0,
central,central,baseline,transition,single,coolant_intensity,low,0.9,cooling_kwh,674930.2358004949,674930.2358004949,0.0
central,central,baseline,transition,single,coolant_intensity,low,0.9,CC_kg_co2e,162809.29984015564,162519.95599014437,-0.17771948549336614
central,central,baseline,transition,single,coolant_intensity,low,0.9,HTC_ctuh,0.0051293225471390515,0.005126236178755409,-0.060171072403392145
central,central,baseline,transition,single,coolant_intensity,low,0.9,CED_mj_eq,3667476.543722608,3664583.105222496,-0.07889453321969775
central,central,baseline,transition,two,coolant_intensity,low,0.9,virgin_coolant_kg,1414.4153279440675,1272.9737951496609,-9.999999999999986
central,central,baseline,transition,two,coolant_intensity,low,0.9,treated_coolant_kg,385.85976705960934,347.27379035364845,-9.999999999999986
central,central,baseline,transition,two,coolant_intensity,low,0.9,recovered_coolant_kg,0.0,0.0,
central,central,baseline,transition,two,coolant_intensity,low,0.9,cooling_kwh,337465.11790024786,337465.11790024786,0.0
central,central,baseline,transition,two,coolant_intensity,low,0.9,CC_kg_co2e,84490.57147914867,84037.307398236,-0.5364670554092954
central,central,baseline,transition,two,coolant_intensity,low,0.9,HTC_ctuh,0.002597449787995534,0.0025926277523611128,-0.18564499905665555
central,central,baseline,transition,two,coolant_intensity,low,0.9,CED_mj_eq,1864597.4874520134,1860064.8466428868,-0.24308950535595342
central,central,baseline,transition,single,coolant_intensity,high,1.1,virgin_coolant_kg,1350.254308291216,1485.2797391203378,10.000000000000032
central,central,baseline,transition,single,coolant_intensity,high,1.1,treated_coolant_kg,385.85976705960934,424.4457437655703,10.000000000000009
central,central,baseline,transition,single,coolant_intensity,high,1.1,recovered_coolant_kg,0.0,0.0,
central,central,baseline,transition,single,coolant_intensity,high,1.1,cooling_kwh,674930.2358004949,674930.2358004949,0.0
central,central,baseline,transition,single,coolant_intensity,high,1.1,CC_kg_co2e,162809.29984015564,163098.64369016682,0.17771948549329952
central,central,baseline,transition,single,coolant_intensity,high,1.1,HTC_ctuh,0.0051293225471390515,0.005132408915522692,0.060171072403347736
central,central,baseline,transition,single,coolant_intensity,high,1.1,CED_mj_eq,3667476.543722608,3670369.98222272,0.07889453321969775
central,central,baseline,transition,two,coolant_intensity,high,1.1,virgin_coolant_kg,1414.4153279440675,1555.8568607384743,10.000000000000009
central,central,baseline,transition,two,coolant_intensity,high,1.1,treated_coolant_kg,385.85976705960934,424.4457437655703,10.000000000000009
central,central,baseline,transition,two,coolant_intensity,high,1.1,recovered_coolant_kg,0.0,0.0,
central,central,baseline,transition,two,coolant_intensity,high,1.1,cooling_kwh,337465.11790024786,337465.11790024786,0.0
central,central,baseline,transition,two,coolant_intensity,high,1.1,CC_kg_co2e,84490.57147914867,84943.83556006137,0.5364670554093287
central,central,baseline,transition,two,coolant_intensity,high,1.1,HTC_ctuh,0.002597449787995534,0.0026022718236299557,0.18564499905666665
central,central,baseline,transition,two,coolant_intensity,high,1.1,CED_mj_eq,1864597.4874520134,1869130.1282611405,0.24308950535598672
central,central,baseline,transition,single,pue_overhead,low,0.9,virgin_coolant_kg,1350.254308291216,1350.254308291216,0.0
central,central,baseline,transition,single,pue_overhead,low,0.9,treated_coolant_kg,385.85976705960934,385.85976705960934,0.0
central,central,baseline,transition,single,pue_overhead,low,0.9,recovered_coolant_kg,0.0,0.0,
central,central,baseline,transition,single,pue_overhead,low,0.9,cooling_kwh,674930.2358004949,607437.2122204454,-10.000000000000009
central,central,baseline,transition,single,pue_overhead,low,0.9,CC_kg_co2e,162809.29984015564,146817.71370615123,-9.822280514506708
central,central,baseline,transition,single,pue_overhead,low,0.9,HTC_ctuh,0.0051293225471390515,0.004619476660808787,-9.93982892759665
central,central,baseline,transition,single,pue_overhead,low,0.9,CED_mj_eq,3667476.543722608,3303622.327850459,-9.9211054667803
central,central,baseline,transition,two,pue_overhead,low,0.9,virgin_coolant_kg,1414.4153279440675,1414.4153279440675,0.0
central,central,baseline,transition,two,pue_overhead,low,0.9,treated_coolant_kg,385.85976705960934,385.85976705960934,0.0
central,central,baseline,transition,two,pue_overhead,low,0.9,recovered_coolant_kg,0.0,0.0,
central,central,baseline,transition,two,pue_overhead,low,0.9,cooling_kwh,337465.11790024786,303718.6061102231,-9.999999999999986
central,central,baseline,transition,two,pue_overhead,low,0.9,CC_kg_co2e,84490.57147914867,76494.77841214651,-9.46353294459067
central,central,baseline,transition,two,pue_overhead,low,0.9,HTC_ctuh,0.002597449787995534,0.002342526844830402,-9.814355000943353
central,central,baseline,transition,two,pue_overhead,low,0.9,CED_mj_eq,1864597.4874520134,1682670.3795159394,-9.75691049464401
central,central,baseline,transition,single,pue_overhead,high,1.1,virgin_coolant_kg,1350.254308291216,1350.254308291216,0.0
central,central,baseline,transition,single,pue_overhead,high,1.1,treated_coolant_kg,385.85976705960934,385.85976705960934,0.0
central,central,baseline,transition,single,pue_overhead,high,1.1,recovered_coolant_kg,0.0,0.0,
central,central,baseline,transition,single,pue_overhead,high,1.1,cooling_kwh,674930.2358004949,742423.2593805447,10.000000000000032
central,central,baseline,transition,single,pue_overhead,high,1.1,CC_kg_co2e,162809.29984015564,178800.88597415996,9.822280514506643
central,central,baseline,transition,single,pue_overhead,high,1.1,HTC_ctuh,0.0051293225471390515,0.005639168433469314,9.939828927596617
central,central,baseline,transition,single,pue_overhead,high,1.1,CED_mj_eq,3667476.543722608,4031330.759594757,9.921105466780311
central,central,baseline,transition,two,pue_overhead,high,1.1,virgin_coolant_kg,1414.4153279440675,1414.4153279440675,0.0
central,central,baseline,transition,two,pue_overhead,high,1.1,treated_coolant_kg,385.85976705960934,385.85976705960934,0.0
central,central,baseline,transition,two,pue_overhead,high,1.1,recovered_coolant_kg,0.0,0.0,
central,central,baseline,transition,two,pue_overhead,high,1.1,cooling_kwh,337465.11790024786,371211.6296902727,10.000000000000009
central,central,baseline,transition,two,pue_overhead,high,1.1,CC_kg_co2e,84490.57147914867,92486.36454615086,9.463532944590703
central,central,baseline,transition,two,pue_overhead,high,1.1,HTC_ctuh,0.002597449787995534,0.002852372731160666,9.814355000943342
central,central,baseline,transition,two,pue_overhead,high,1.1,CED_mj_eq,1864597.4874520134,2046524.5953880884,9.756910494644067
