growth,cooling,strategy,background,phase,metric,runs,mean,p05,p50,p95
central,central,baseline,transition,single,virgin_coolant_kg,40,1364.1396682224438,1144.8897918867733,1373.6192883429742,1577.5249847940484
central,central,baseline,transition,single,treated_coolant_kg,40,391.5579769459514,327.97852723094564,392.718859137296,448.8839398254328
central,central,baseline,transition,single,recovered_coolant_kg,40,0.0,0.0,0.0,0.0
central,central,baseline,transition,single,cooling_kwh,40,673930.1142357448,578760.8517032644,667412.354278441,787754.1734970312
central,central,baseline,transition,single,CC_kg_co2e,40,166702.38334008693,131400.57208221187,163453.89939599647,205726.60663926665
central,central,baseline,transition,single,HTC_ctuh,40,0.005250145907925438,0.004137714920728428,0.005146046026412257,0.0064772153465403205
central,central,baseline,transition,single,CED_mj_eq,40,3754292.9840261936,2958982.7244762294,3680088.1161780795,4631878.676019964
central,central,baseline,transition,two,virgin_coolant_kg,40,1429.2909036882745,1199.2716172171788,1439.2365246977033,1652.6970066585382
central,central,baseline,transition,two,treated_coolant_kg,40,391.55797694595134,327.97852723094553,392.71885913729596,448.8839398254328
central,central,baseline,transition,two,recovered_coolant_kg,40,0.0,0.0,0.0,0.0
central,central,baseline,transition,two,cooling_kwh,40,336965.05711787276,289380.4258516325,333706.17713922076,393877.08674851566
central,central,baseline,transition,two,CC_kg_co2e,40,86548.17027723018,68226.66229096543,84820.89429012264,106931.62274002506
central,central,baseline,transition,two,HTC_ctuh,40,0.0026590489413653527,0.0020957197853687386,0.002607211839578206,0.0032818381596280404
central,central,baseline,transition,two,CED_mj_eq,40,1909116.278084965,1504755.1247367105,1872215.504388285,2356622.5322139026
