run,growth,cooling,strategy,phase,background,cumulative_start,virgin_coolant_kg,treated_coolant_kg,recovered_coolant_kg,cooling_kwh,CC_kg_co2e,HTC_ctuh,CED_mj_eq,final_inventory_kg,final_recovery_bank_kg
1,central,central,baseline,single,transition,Q09,1490.7231953899172,426.4089217370266,0.0,651683.6096756055,170320.02893880033,0.005354690115234945,3830356.6874571936,1055.7707891443742,0.0
1,central,central,baseline,two,transition,Q09,1561.3853645247216,426.40892173702656,0.0,325841.80483780324,88838.61129019031,0.002716433276312488,1951964.3119364996,1055.7707891443742,0.0
2,central,central,baseline,single,transition,Q09,1312.3993040785288,377.0134050984565,0.0,650420.9638069667,151457.5130572644,0.00477138333087665,3411538.4507541154,926.2067578853347,0.0
2,central,central,baseline,two,transition,Q09,1375.3256749396273,377.0134050984565,0.0,325210.4819034841,78626.52251507764,0.002416488888758849,1734746.8852415145,926.2067578853346,0.0
3,central,central,baseline,single,transition,Q09,1442.126465311232,412.51521262911893,0.0,697161.2368707008,185812.1898218289,0.005850782210338043,4183877.594794592,1020.5545496913422,0.0
3,central,central,baseline,two,transition,Q09,1510.848519821946,412.51521262911893,0.0,348580.6184353508,96545.29085710717,0.0029640599389288294,2128330.7568592243,1020.5545496913423,0.0
4,central,central,baseline,single,transition,Q09,1679.078914142062,480.03966171061404,0.0,699737.548999374,185319.4892176629,0.005824182814188364,4166075.4017949826,1186.683894296022,0.0
4,central,central,baseline,two,transition,Q09,1759.1522136200324,480.0396617106139,0.0,349868.7744996875,96858.11745353608,0.0029567004309280134,2125021.429344538,1186.683894296022,0.0
5,central,central,baseline,single,transition,Q09,1549.888670388324,445.9747289188654,0.0,761166.0893682681,208863.61854267292,0.006577038743966349,4703331.894768832,1094.327147060522,0.0
5,central,central,baseline,two,transition,Q09,1624.285067675352,445.97472891886537,0.0,380583.0446841341,108461.98572066223,0.0033313555135462444,2391967.711877674,1094.3271470605218,0.0
6,central,central,baseline,single,transition,Q09,1321.5970633364093,382.27364098916917,0.0,636079.3548014907,144897.18445802463,0.004560579592219407,3261794.5232039597,930.2005916649499,0.0
6,central,central,baseline,two,transition,Q09,1384.9194632345002,382.27364098916917,0.0,318039.67740074534,75299.77912348378,0.002310603626273786,1659409.1305466946,930.2005916649499,0.0
7,central,central,baseline,single,transition,Q09,1177.4513407259,338.53553344270745,0.0,653488.4262277007,140498.6779626033,0.004430633970919304,3167624.985962255,833.8862529382438,0.0
7,central,central,baseline,two,transition,Q09,1233.6901760533638,338.53553344270745,0.0,326744.2131138507,72652.6924988113,0.002240861205225215,1607846.0281562249,833.8862529382437,0.0
8,central,central,baseline,single,transition,Q09,1587.317772431468,455.89578953880755,0.0,667080.27163069,155266.23185622573,0.0048808368770144875,3491031.7535026288,1120.3219808816918,0.0
8,central,central,baseline,two,transition,Q09,1663.3556164085442,455.89578953880743,0.0,333540.13581534545,81124.60418074607,0.0024775253998631608,1780430.7592776476,1120.3219808816914,0.0
9,central,central,baseline,single,transition,Q09,1128.5336768209925,327.54346876602824,0.0,640478.7809889535,148540.82054163842,0.004683750750780062,3348958.2843824164,795.1669896861172,0.0
9,central,central,baseline,two,transition,Q09,1182.6458416532128,327.54346876602824,0.0,320239.3904944771,76756.58426254868,0.0023683133342424956,1699340.882108504,795.1669896861172,0.0
10,central,central,baseline,single,transition,Q09,1381.3633052531459,397.5172504218252,0.0,740668.1463650593,203113.71646160874,0.006401330366135622,4577293.770630723,975.3288006276521,0.0
10,central,central,baseline,two,transition,Q09,1447.2974834504755,397.5172504218252,0.0,370334.07318252965,105149.65605757701,0.003238853479510479,2324574.8635830875,975.328800627652,0.0
11,central,central,baseline,single,transition,Q09,1296.1108006137322,371.0833791309395,0.0,722453.613062923,157929.87693312037,0.004981467581236489,3561125.161334714,915.3569800520982,0.0
11,central,central,baseline,two,transition,Q09,1358.0447993779062,371.0833791309394,0.0,361226.8065314623,81655.33490209098,0.002519322147426203,1807466.5450226674,915.356980052098,0.0
12,central,central,baseline,single,transition,Q09,1397.9978008433454,402.2547389963755,0.0,645157.2581339685,163350.91223943137,0.005140060529646569,3676131.7756895386,986.5292568190831,0.0
12,central,central,baseline,two,transition,Q09,1464.8987636314334,402.2547389963755,0.0,322578.6290669846,85025.4010870598,0.0026056366635578646,1871565.337518212,986.5292568190831,0.0
13,central,central,baseline,single,transition,Q09,1460.3208334688056,416.7578620066324,0.0,819140.7636298011,201909.65164670537,0.006368338665724886,4552768.621589625,1032.596009622553,0.0
13,central,central,baseline,two,transition,Q09,1529.8038503781117,416.7578620066324,0.0,409570.38181490096,104370.73788298614,0.0032204612192314117,2310543.4313911484,1032.596009622553,0.0
14,central,central,baseline,single,transition,Q09,1315.8840116770737,377.79451959989296,0.0,610224.8572286332,145997.31717915388,0.004594716629061458,3285940.1780422395,928.6801133827598,0.0
14,central,central,baseline,two,transition,Q09,1378.7233722240312,377.79451959989296,0.0,305112.4286143169,75978.19449067657,0.002329024035360744,1672765.4480321168,928.6801133827598,0.0
15,central,central,baseline,single,transition,Q09,1307.5531634245485,378.2367511461478,0.0,607743.0241966778,128170.36365547177,0.0040330168745894585,2884463.511940516,920.1677627613115,0.0
15,central,central,baseline,two,transition,Q09,1370.3329026109207,378.2367511461478,0.0,303871.51209833915,66696.2206178951,0.0020442688999407796,1468342.143871851,920.1677627613115,0.0
16,central,central,baseline,single,transition,Q09,1403.6161708578497,400.707085628002,0.0,786698.2691588921,200040.65814736322,0.006309230718447199,4510551.105495279,995.3960597538537,0.0
16,central,central,baseline,two,transition,Q09,1470.3972279236386,400.70708562800195,0.0,393349.13457944605,103407.25896264233,0.0031905999898139007,2289144.851637246,995.3960597538535,0.0
17,central,central,baseline,single,transition,Q09,1422.1000334681303,410.2627095155994,0.0,668338.0377443244,156244.8018260459,0.004917299652777027,3516773.4709756193,1005.6847888758929,0.0
17,central,central,baseline,two,transition,Q09,1490.2049498408132,410.26270951559934,0.0,334169.0188721622,81270.21296872172,0.0024921125356733758,1789864.8560447972,1005.6847888758928,0.0
18,central,central,baseline,single,transition,Q09,1145.7506400481302,328.00142504488866,0.0,567202.7702312685,125121.33394637128,0.003940151403635119,2817699.96519947,810.7404164241541,0.0
18,central,central,baseline,two,transition,Q09,1200.1466580363349,328.00142504488855,0.0,283601.38511563424,64953.40836288809,0.0019955016179649936,1432777.3964967595,810.7404164241541,0.0
19,central,central,baseline,single,transition,Q09,1577.0095749183947,448.5148951036762,0.0,807816.3559216763,212856.58666413883,0.006709367969578797,4796559.38340317,1117.3502882880175,0.0
19,central,central,baseline,two,transition,Q09,1652.1360271980116,448.5148951036762,0.0,403908.17796083854,110367.93761045791,0.003396532089389384,2437676.1344854715,1117.3502882880173,0.0
20,central,central,baseline,single,transition,Q09,1074.1224297558233,308.74065885045104,0.0,618796.7813004286,164145.47553701396,0.005178070771829513,3701855.786798677,761.2411959693768,0.0
20,central,central,baseline,two,transition,Q09,1125.4109537076674,308.74065885045104,0.0,309398.3906502146,84779.00101145967,0.002617798690114217,1877990.5258288665,761.2411959693767,0.0
21,central,central,baseline,single,transition,Q09,1296.2631305647635,370.3942708971914,0.0,651137.3425842235,163556.8865525616,0.005152031523177945,3684044.45666662,918.4899187683369,0.0
21,central,central,baseline,two,transition,Q09,1358.0242519880353,370.3942708971914,0.0,325568.67129211174,84862.78756878563,0.002608787015598547,1872865.6712583583,918.4899187683368,0.0
22,central,central,baseline,single,transition,Q09,1173.9247924310118,340.05961883600924,0.0,580639.5124186331,131570.5830520403,0.004143225344209427,2962904.7882938986,829.4847502165923,0.0
22,central,central,baseline,two,transition,Q09,1230.2907636218729,340.0596188360093,0.0,290319.7562093169,68307.21185270596,0.002098427726707052,1506671.5974138083,829.4847502165923,0.0
23,central,central,baseline,single,transition,Q09,1409.7951774784235,402.83492183334005,0.0,720134.8194426054,176534.39610047828,0.005561903130879924,3977006.7615217385,998.9350368069084,0.0
23,central,central,baseline,two,transition,Q09,1476.965591482448,402.83492183334005,0.0,360067.40972130344,91541.9063088877,0.002815745442508818,2021250.4633473572,998.9350368069084,0.0
24,central,central,baseline,single,transition,Q09,1479.541944861975,425.690180575977,0.0,714940.0956104939,158637.39214150206,0.0049942601038610685,3571639.3468506504,1044.2159089682275,0.0
24,central,central,baseline,two,transition,Q09,1550.2221793329438,425.690180575977,0.0,357470.04780524696,82427.61109297283,0.002530174649040601,1816908.8236475433,1044.2159089682273,0.0
25,central,central,baseline,single,transition,Q09,1238.4946737532423,356.40370313893806,0.0,579369.1717807378,150321.29990398785,0.004729948212026939,3383027.3836626094,874.4546204042393,0.0
25,central,central,baseline,two,transition,Q09,1297.6095555552645,356.403703138938,0.0,289684.58589036926,78200.95491597819,0.002397289886872491,1721916.7414711486,874.4546204042392,0.0
26,central,central,baseline,single,transition,Q09,1472.521117130024,425.2704337694129,0.0,667744.4369261921,165213.04109848008,0.005198158222410472,3717594.6253658463,1036.2973172780883,0.0
26,central,central,baseline,two,transition,Q09,1543.3656681321345,425.2704337694129,0.0,333872.21846309607,86056.18523675327,0.0026357522395420354,1893293.9595580553,1036.2973172780883,0.0
27,central,central,baseline,single,transition,Q09,1548.9472822695093,443.34556305871536,0.0,740599.9324912247,205561.5007496137,0.0064719614835178985,4628117.98029634,1097.1144420688993,0.0
27,central,central,baseline,two,transition,Q09,1622.8155296242153,443.3455630587153,0.0,370299.9662456132,106851.07731999154,0.00327923198310603,2354762.25960002,1097.1144420688993,0.0
28,central,central,baseline,single,transition,Q09,1407.8221102756943,401.0269227279668,0.0,739778.3626655999,179293.69386092445,0.0056519141665885165,4040763.9845034275,998.787730517668,0.0
28,central,central,baseline,two,transition,Q09,1474.8284294342275,401.0269227279668,0.0,369889.18133280077,92882.01043805106,0.0028603250634630585,2052733.627327605,998.787730517668,0.0
29,central,central,baseline,single,transition,Q09,1375.6177116359252,394.1166185844205,0.0,709024.3816951544,184600.60064734236,0.005816782875930416,4159137.559005219,973.5214609539664,0.0
29,central,central,baseline,two,transition,Q09,1441.3323163269843,394.1166185844205,0.0,354512.1908475779,95695.79208595575,0.0029444735949815306,2113523.697125457,973.5214609539664,0.0
30,central,central,baseline,single,transition,Q09,1325.9271984601196,382.400455334447,0.0,670910.7250340446,160674.65948263987,0.005061365437855896,3619247.046432745,936.7427944729542,0.0
30,central,central,baseline,two,transition,Q09,1389.2607767849604,382.4004553344469,0.0,335455.362517023,83347.57015533437,0.0025626827430725516,1839725.927356519,936.742794472954,0.0
31,central,central,baseline,single,transition,Q09,1264.306049950379,364.31992726234716,0.0,617053.8792868102,147504.99806462732,0.004645013935471038,3321597.0919023585,891.7437752793153,0.0
31,central,central,baseline,two,transition,Q09,1324.75932800142,364.31992726234705,0.0,308526.9396434054,76616.32246766183,0.002352948971734663,1689436.7803046617,891.7437752793151,0.0
32,central,central,baseline,single,transition,Q09,1371.6208650500232,392.36394152729486,0.0,726146.9846061933,185444.00949351088,0.005846412209595572,4179712.6638990114,970.1316163062858,0.0
32,central,central,baseline,two,transition,Q09,1437.1407330684226,392.3639415272948,0.0,363073.49230309663,96045.48367674291,0.0029585200079923477,2123091.1212493805,970.1316163062858,0.0
33,central,central,baseline,single,transition,Q09,1249.48217409246,360.80914853004714,0.0,594485.2529507189,164878.04368006764,0.005189566555587313,3711475.809864321,883.7363364344785,0.0
33,central,central,baseline,two,transition,Q09,1309.2235543459578,360.80914853004714,0.0,297242.62647535943,85720.4790809156,0.0026296687637022962,1888552.4773409783,883.7363364344785,0.0
34,central,central,baseline,single,transition,Q09,1266.6432498116567,365.5925060749735,0.0,539548.4236909116,132130.08810159727,0.0041519511439344885,2970358.5542899147,895.210581961918,0.0
34,central,central,baseline,two,transition,Q09,1327.1330801356999,365.59250607497347,0.0,269774.2118454558,68994.3988016261,0.0021071171450752144,1514472.824653232,895.210581961918,0.0
35,central,central,baseline,single,transition,Q09,1484.9658828954384,424.7872584128154,0.0,776095.9779457715,203554.82491847436,0.006416459921108308,4587355.901090832,1050.2992400020855,0.0
35,central,central,baseline,two,transition,Q09,1555.900039073929,424.78725841281533,0.0,388047.98897288606,105471.9364859873,0.0032474864344416337,2330623.190812919,1050.2992400020855,0.0
36,central,central,baseline,single,transition,Q09,1326.7888606538359,380.1270766676204,0.0,620532.2538632083,151667.09996186945,0.004773493328111501,3413792.6221299535,938.9653964727554,0.0
36,central,central,baseline,two,transition,Q09,1390.1708633344203,380.12707666762026,0.0,310266.1269316046,78902.56059148049,0.002419359472593374,1737586.4171704357,938.9653964727553,0.0
37,central,central,baseline,single,transition,Q09,1266.9565751896112,363.4923017596933,0.0,668861.9028504469,184306.41908377234,0.005808113058301424,4153067.1633544606,895.6215200798259,0.0
37,central,central,baseline,two,transition,Q09,1327.230138497234,363.4923017596933,0.0,334430.95142522414,95462.7148152333,0.0029392282053947194,2109628.634410704,895.6215200798259,0.0
38,central,central,baseline,single,transition,Q09,1377.5458789022614,393.07377674729713,0.0,636441.6864849305,165647.73313005283,0.005213459298087463,3728295.122563697,976.2242053173028,0.0
38,central,central,baseline,two,transition,Q09,1443.173314535844,393.07377674729713,0.0,318220.8432424659,86215.7206733291,0.0026427654590904016,1898066.1023648777,976.2242053173028,0.0
39,central,central,baseline,single,transition,Q09,1538.6262987797754,440.2623197154741,0.0,708363.0990913647,161986.06166880485,0.0050981132984309506,3645788.7193727703,1088.1905983853867,0.0
39,central,central,baseline,two,transition,Q09,1612.2135124931563,440.26231971547406,0.0,354181.54954568273,84322.93175260315,0.0025844391849954343,1856193.3688683938,1088.1905983853865,0.0
40,central,central,baseline,single,transition,Q09,1218.8505877578043,349.87649410884984,0.0,643860.1686671256,145155.55327798327,0.0045747734997312285,3271039.4722607797,862.0794280633268,0.0
40,central,central,baseline,two,transition,Q09,1276.9715954511664,349.8764941088498,0.0,321930.0843335628,75183.60391159254,0.002315080682638879,1661578.0088563985,862.0794280633268,0.0
