run,parameter,multiplier
1,demand,1.006595172913748
1,hardware,1.0613381554237358
1,coolant_intensity,1.0920989548647755
1,pue_overhead,0.9579250755528932
1,impact_factors,1.0798322313393858
2,demand,1.0612659600530236
2,hardware,1.0322766114447661
2,coolant_intensity,0.9220324097834424
2,pue_overhead,0.9053873557581054
2,impact_factors,0.9652513313632892
3,demand,1.0739185588499152
3,hardware,0.9504767535026445
3,coolant_intensity,1.0003205341136068
3,pue_overhead,0.9634870181091499
3,impact_factors,1.1038983427385272
4,demand,1.1335581743514667
4,hardware,0.9803181873821339
4,coolant_intensity,1.0996894010174043
4,pue_overhead,0.9124385582504894
4,impact_factors,1.0937827001324845
5,demand,1.112594950638484
5,hardware,0.9301830960553961
5,coolant_intensity,1.0411137231183902
5,pue_overhead,1.011778373720935
5,impact_factors,1.1365563586782605
6,demand,0.9130030028470667
6,hardware,1.0079926701240247
6,coolant_intensity,1.0764912213617401
6,pue_overhead,1.0277546362119594
6,impact_factors,0.9427598589874975
7,demand,0.8745591562404228
7,hardware,1.087955209402343
7,coolant_intensity,0.9948196942212811
7,pue_overhead,1.0992652365564448
7,impact_factors,0.8924821421860406
8,demand,1.093661275674419
8,hardware,1.0626756243498179
8,coolant_intensity,1.0839950044995281
8,pue_overhead,0.9035668632876606
8,impact_factors,0.9616578524672303
9,demand,0.8655006980081187
9,hardware,1.050406966714393
9,coolant_intensity,0.9709283471856947
9,pue_overhead,1.091901043768581
9,impact_factors,0.9624487040491629
10,demand,1.0823124773915658
10,hardware,1.0735577350936203
10,coolant_intensity,0.9477893130735898
10,pue_overhead,1.0113633248416234
10,impact_factors,1.1372176540983536
11,demand,1.0080753310561918
11,hardware,0.9719415635736466
11,coolant_intensity,0.953440071738121
11,pue_overhead,1.0572939385108422
11,impact_factors,0.9078242504913868
12,demand,1.0311689291044566
12,hardware,1.0111092858510204
12,coolant_intensity,1.0106961651172077
12,pue_overhead,0.9258971873673383
12,impact_factors,1.0475695408305712
13,demand,1.1249587677743023
13,hardware,0.9637757989328016
13,coolant_intensity,0.9664146380038758
13,pue_overhead,1.0818081521614094
13,impact_factors,1.0235035578513176
14,demand,0.9317733138839415
14,hardware,0.9019526705900217
14,coolant_intensity,1.05065388976117
14,pue_overhead,0.969600799708389
14,impact_factors,0.9901476712777765
15,demand,0.9317508953969428
15,hardware,1.0266203985422193
15,coolant_intensity,1.045796896812752
15,pue_overhead,0.9619576174886173
15,impact_factors,0.8725089454983064
16,demand,1.1460371584787412
16,hardware,1.0820082239581732
16,coolant_intensity,0.9041322776989003
16,pue_overhead,1.0128369622308742
16,impact_factors,1.0557994987183634
17,demand,0.9709038246085242
17,hardware,1.046328094529263
17,coolant_intensity,1.0919630661287612
17,pue_overhead,1.0180293125159354
17,impact_factors,0.9674721498413826
18,demand,0.9086944468216535
18,hardware,0.9502836927188913
18,coolant_intensity,0.9301602969710677
18,pue_overhead,0.922081556778218
18,impact_factors,0.9137169146170344
19,demand,1.1026072866617325
19,hardware,1.0073955927865537
19,coolant_intensity,1.0609871549751075
19,pue_overhead,1.0840371524028602
19,impact_factors,1.0932354054961233
20,demand,0.8648328799637781
20,hardware,1.0851918137356604
20,coolant_intensity,0.9185584436227838
20,pue_overhead,1.0541931529519486
20,impact_factors,1.1016830606398156
21,demand,1.0472354106540205
21,hardware,0.9807365365032175
21,coolant_intensity,0.9150034137698121
21,pue_overhead,0.9170306929097082
21,impact_factors,1.0409508116080581
22,demand,0.9225112905165613
22,hardware,1.006456486818067
22,coolant_intensity,0.9530454241871501
22,pue_overhead,0.9326818165203519
22,impact_factors,0.938571501633263
23,demand,1.067460037516879
23,hardware,0.9973627471721278
23,coolant_intensity,0.9785539594656941
23,pue_overhead,0.9972964915968088
23,impact_factors,1.0161951565918785
24,demand,1.0047003044787246
24,hardware,0.9890117914637921
24,coolant_intensity,1.0934771455218724
24,pue_overhead,1.0503464359322656
24,impact_factors,0.9187183435625033
25,demand,0.9454734217069013
25,hardware,0.9377598896172031
25,coolant_intensity,0.9728184261890658
25,pue_overhead,0.9056756019019246
25,impact_factors,1.0733509233102552
26,demand,1.0203666981744262
26,hardware,0.9845361635888917
26,coolant_intensity,1.0786873099688836
26,pue_overhead,0.9657492652004482
26,impact_factors,1.0235752541626535
27,demand,1.1289271331531994
27,hardware,1.0111719477640082
27,coolant_intensity,1.0225950871608718
27,pue_overhead,0.9735907959523241
27,impact_factors,1.149429297385837
28,demand,1.0764347230145253
28,hardware,0.9606690115240467
28,coolant_intensity,0.971103144361164
28,pue_overhead,1.018301794072128
28,impact_factors,1.0055908861134464
29,demand,1.0069919087227601
29,hardware,0.9384178592893577
29,coolant_intensity,1.0151405601182946
29,pue_overhead,1.0407894008658385
29,impact_factors,1.0794974345983972
30,demand,0.9848140555552459
30,hardware,0.9891115514273334
30,coolant_intensity,1.0008514987486035
30,pue_overhead,1.0072506376346542
30,impact_factors,0.9924779000568505
31,demand,0.8536300106962856
31,hardware,0.9526854666829777
31,coolant_intensity,1.0975614354136387
31,pue_overhead,1.0652640520057783
31,impact_factors,0.9902119048029433
32,demand,1.0755933791296592
32,hardware,0.9422497943815618
32,coolant_intensity,0.9534342782177658
32,pue_overhead,1.0035258824633673
32,impact_factors,1.0597884640439539
33,demand,0.8582692528802456
33,hardware,0.9943424429151952
33,coolant_intensity,1.0812168692073425
33,pue_overhead,1.022451502388797
33,impact_factors,1.1479273783713813
34,demand,0.8796062807248011
34,hardware,1.0817203161418454
34,coolant_intensity,1.0674795761485278
34,pue_overhead,0.9052316955556885
34,impact_factors,1.0109756458280965
35,demand,1.0777838846832823
35,hardware,0.9444105340053711
35,coolant_intensity,1.0298604578225778
35,pue_overhead,1.0701008310913733
35,impact_factors,1.0881840611757467
36,demand,0.9784325248510527
36,hardware,0.9116692688142309
36,coolant_intensity,1.0078344211873702
36,pue_overhead,0.9376159786796485
36,impact_factors,1.0116103535793837
37,demand,0.9308305018176833
37,hardware,0.9694627746047076
37,coolant_intensity,1.0087464624364335
37,pue_overhead,1.0639171481114713
37,impact_factors,1.1425955930724256
38,demand,0.9716589165768059
38,hardware,0.9014911063399228
38,coolant_intensity,1.0500318139711489
38,pue_overhead,0.9678523362888639
38,impact_factors,1.0772883305314882
39,demand,1.0991720358893595
39,hardware,0.9067051375306192
39,coolant_intensity,1.0461665076987796
39,pue_overhead,0.9569658060750047
39,impact_factors,0.9464932630601433
40,demand,0.9502741764349938
40,hardware,1.0076760572747228
40,coolant_intensity,0.9486514701302248
40,pue_overhead,0.9988936406699354
40,impact_factors,0.9349928187784694
