background,period,CC,HTC,CED
steady,Q01,1.0,1.0,1.0
steady,Q02,1.0,1.0,1.0
steady,Q03,1.0,1.0,1.0
steady,Q04,1.0,1.0,1.0
steady,Q05,1.0,1.0,1.0
steady,Q06,1.0,1.0,1.0
steady,Q07,1.0,1.0,1.0
steady,Q08,1.0,1.0,1.0
steady,Q09,1.0,1.0,1.0
steady,Q10,1.0,1.0,1.0
steady,Q11,1.0,1.0,1.0
steady,Q12,1.0,1.0,1.0
steady,Q13,1.0,1.0,1.0
steady,Q14,1.0,1.0,1.0
steady,Q15,1.0,1.0,1.0
steady,Q16,1.0,1.0,1.0
steady,Q17,1.0,1.0,1.0
steady,Q18,1.0,1.0,1.0
steady,Q19,1.0,1.0,1.0
steady,Q20,1.0,1.0,1.0
steady,Q21,1.0,1.0,1.0
steady,Q22,1.0,1.0,1.0
steady,Q23,1.0,1.0,1.0
steady,Q24,1.0,1.0,1.0
transition,Q01,1.0,1.0,1.0
transition,Q02,0.9782608695652174,0.9869565217391304,0.9826086956521739
transition,Q03,0.9565217391304348,0.9739130434782609,0.9652173913043478
transition,Q04,0.9347826086956522,0.9608695652173913,0.9478260869565217
transition,Q05,0.9130434782608696,0.9478260869565217,0.9304347826086956
transition,Q06,0.8913043478260869,0.9347826086956522,0.9130434782608696
transition,Q07,0.8695652173913043,0.9217391304347826,0.8956521739130434
transition,Q08,0.8478260869565217,0.908695652173913,0.8782608695652174
transition,Q09,0.8260869565217391,0.8956521739130435,0.8608695652173913
transition,Q10,0.8043478260869565,0.8826086956521739,0.8434782608695652
transition,Q11,0.782608695652174,0.8695652173913043,0.8260869565217391
transition,Q12,0.7608695652173914,0.8565217391304347,0.808695652173913
transition,Q13,0.7391304347826086,0.8434782608695652,0.7913043478260869
transition,Q14,0.7173913043478262,0.8304347826086956,0.7739130434782608
transition,Q15,0.6956521739130435,0.817391304347826,0.7565217391304347
transition,Q16,0.6739130434782609,0.8043478260869565,0.7391304347826086
transition,Q17,0.6521739130434783,0.7913043478260869,0.7217391304347827
transition,Q18,0.6304347826086957,0.7782608695652173,0.7043478260869565
transition,Q19,0.6086956521739131,0.7652173913043478,0.6869565217391305
transition,Q20,0.5869565217391304,0.7521739130434782,0.6695652173913043
transition,Q21,0.5652173913043479,0.7391304347826086,0.6521739130434783
transition,Q22,0.5434782608695652,0.7260869565217392,0.6347826086956522
transition,Q23,0.5217391304347826,0.7130434782608696,0.6173913043478261
transition,Q24,0.5,0.7,0.6
