period,parameters_billion,training_flop_per_run,architectures,users_million,gpu_pflops,gpu_board_kw,training_utilization,inference_utilization,liquid_share_low,liquid_share_central,liquid_share_high
Q01,5.0,2e+23,2,2.0,1.0,0.5,0.6,0.3,0.1,0.15,0.2
Q02,5.4,2.24e+23,2,2.2,1.065217,0.513043,0.604348,0.304348,0.11087,0.169565,0.228261
Q03,5.832,2.5088e+23,2,2.42,1.130435,0.526087,0.608696,0.308696,0.121739,0.18913,0.256522
Q04,6.29856,2.8098560000000007e+23,2,2.662,1.195652,0.53913,0.613043,0.313043,0.132609,0.208696,0.284783
Q05,6.802445,3.147038720000001e+23,2,2.9282,1.26087,0.552174,0.617391,0.317391,0.143478,0.228261,0.313043
Q06,7.34664,3.5246833664000013e+23,2,3.22102,1.326087,0.565217,0.621739,0.321739,0.154348,0.247826,0.341304
Q07,7.934372,3.947645370368002e+23,2,3.543122,1.391304,0.578261,0.626087,0.326087,0.165217,0.267391,0.369565
Q08,8.569121,4.421362814812163e+23,2,3.897434,1.456522,0.591304,0.630435,0.330435,0.176087,0.286957,0.397826
Q09,9.254651,4.9519263525896226e+23,3,4.287178,1.521739,0.604348,0.634783,0.334783,0.186957,0.306522,0.426087
Q10,9.995023,5.546157514900378e+23,3,4.715895,1.586957,0.617391,0.63913,0.33913,0.197826,0.326087,0.454348
Q11,10.794625,6.211696416688424e+23,3,5.187485,1.652174,0.630435,0.643478,0.343478,0.208696,0.345652,0.482609
Q12,11.658195,6.957099986691035e+23,3,5.706233,1.717391,0.643478,0.647826,0.347826,0.219565,0.365217,0.51087
Q13,12.590851,7.791951985093961e+23,3,6.276857,1.782609,0.656522,0.652174,0.352174,0.230435,0.384783,0.53913
Q14,13.598119,8.726986223305237e+23,3,6.904542,1.847826,0.669565,0.656522,0.356522,0.241304,0.404348,0.567391
Q15,14.685968,9.774224570101866e+23,3,7.594997,1.913043,0.682609,0.66087,0.36087,0.252174,0.423913,0.595652
Q16,15.860846,1.094713151851409e+24,3,8.354496,1.978261,0.695652,0.665217,0.365217,0.263043,0.443478,0.623913
Q17,17.129713,1.2260787300735783e+24,4,9.189946,2.043478,0.708696,0.669565,0.369565,0.273913,0.463043,0.652174
Q18,18.50009,1.3732081776824078e+24,4,10.108941,2.108696,0.721739,0.673913,0.373913,0.284783,0.482609,0.680435
Q19,19.980097,1.5379931590042968e+24,4,11.119835,2.173913,0.734783,0.678261,0.378261,0.295652,0.502174,0.708696
Q20,21.578505,1.7225523380848125e+24,4,12.231818,2.23913,0.747826,0.682609,0.382609,0.306522,0.521739,0.736957
Q21,23.304786,1.9292586186549903e+24,4,13.455,2.304348,0.76087,0.686957,0.386957,0.317391,0.541304,0.765217
Q22,25.169169,2.1607696528935894e+24,4,14.8005,2.369565,0.773913,0.691304,0.391304,0.328261,0.56087,0.793478
Q23,27.182702,2.4200620112408204e+24,4,16.28055,2.434783,0.786957,0.695652,0.395652,0.33913,0.580435,0.821739
Q24,29.357318,2.7104694525897187e+24,4,17.908605,2.5,0.8,0.7,0.4,0.35,0.6,0.85
