phase,activity,indicator,factor,activity_unit,impact_unit
single,coolant_supply,CC,2,kg,kg CO2-eq
single,coolant_supply,HTC,2e-08,kg,CTUh
single,coolant_supply,CED,20,kg,MJ-eq
single,coolant_treatment,CC,0.5,kg,kg CO2-eq
single,coolant_treatment,HTC,1e-08,kg,CTUh
single,coolant_treatment,CED,5,kg,MJ-eq
single,coolant_recovery,CC,0.2,kg,kg CO2-eq
single,coolant_recovery,HTC,5e-09,kg,CTUh
single,coolant_recovery,CED,3,kg,MJ-eq
single,cooling_electricity,CC,0.4,kWh,kg CO2-eq
single,cooling_electricity,HTC,1e-08,kWh,CTUh
single,cooling_electricity,CED,8,kWh,MJ-eq
two,coolant_supply,CC,3.0,kg,kg CO2-eq
two,coolant_supply,HTC,3.0000000000000004e-08,kg,CTUh
two,coolant_supply,CED,30.0,kg,MJ-eq
two,coolant_treatment,CC,0.75,kg,kg CO2-eq
two,coolant_treatment,HTC,1.5000000000000002e-08,kg,CTUh
two,coolant_treatment,CED,7.5,kg,MJ-eq
two,coolant_recovery,CC,0.30000000000000004,kg,kg CO2-eq
two,coolant_recovery,HTC,7.500000000000001e-09,kg,CTUh
two,coolant_recovery,CED,4.5,kg,MJ-eq
two,cooling_electricity,CC,0.4,kWh,kg CO2-eq
two,cooling_electricity,HTC,1e-08,kWh,CTUh
two,cooling_electricity,CED,8,kWh,MJ-eq
