period,np_billion,training_flop_per_run,architectures,dau_million,bf16_pflops_per_gpu,gpu_board_kw,liquid_share,single_l_per_kw,two_l_per_kw,single_density_kg_per_l,two_density_kg_per_l
2020 Q1,27.02972920836716,8.767275132931881e+22,3,0,0.3091334455800366,0.4,0,12.55,10.26818181818182,0.808,1.3
2020 Q2,32.62894099876898,1.2775773488413769e+23,3,0,0.3372645891284303,0.4375,0.004,12.55,10.26818181818182,0.808,1.3
2020 Q3,39.70400506723344,1.891689622054678e+23,3,0,0.3679556667397833,0.47500000000000003,0.008,12.55,10.26818181818182,0.808,1.3
2020 Q4,48.73457136814019,2.8500701357236194e+23,3,0,0.4014396324138302,0.5125,0.012,12.55,10.26818181818182,0.808,1.3
2021 Q1,59.15105971430017,4.1986174383896456e+23,3,0,0.43797063896428134,0.55,0.016,12.55,10.26818181818182,0.808,1.3
2021 Q2,71.58130783483233,6.148660357614034e+23,3,0,0.47782596711089576,0.5875,0.02,12.55,10.26818181818182,0.808,1.3
2021 Q3,86.80925655986405,9.043016429371562e+23,3,0,0.5213081301189307,0.625,0.024,12.55,10.26818181818182,0.808,1.3
2021 Q4,105.47184385451718,1.3349171815285985e+24,3,0,0.5687471699607828,0.6625000000000001,0.028,12.55,10.26818181818182,0.808,1.3
2022 Q1,128.2902916544848,1.9750078719351332e+24,3,9.885866666666676,0.620503162428337,0.7,0.032,12.55,10.26818181818182,0.808,1.3
2022 Q2,155.44467307724653,2.8995655665710463e+24,3,13.181155555555565,0.6769689502105408,0.7375,0.036000000000000004,12.55,10.26818181818182,0.808,1.3
2022 Q3,188.64987762012137,4.2706531591304124e+24,3,13.181155555555568,0.7385731246810368,0.775,0.04,12.55,10.26818181818182,0.808,1.3
2022 Q4,229.40643392941192,6.315277431385156e+24,3,16.476444444444454,0.8057832790284694,0.8125,0.044,12.55,10.26818181818182,0.808,1.3
2023 Q1,278.6975659461849,9.32067999171937e+24,4,16.476444444444457,0.8791095574216512,0.85,0.048,12.55,10.26818181818182,0.808,1.3
2023 Q2,338.4097685785549,1.3742540576326932e+25,4,23.06702222222224,0.9591085271487572,0.8875,0.052000000000000005,12.55,10.26818181818182,0.808,1.3
2023 Q3,410.53948710799824,2.022512045698779e+25,5,46.134044444444484,1.046387403121188,0.925,0.056,12.55,10.26818181818182,0.808,1.3
2023 Q4,497.80689889264784,2.973740503021379e+25,5,69.20106666666672,1.141608656807282,0.9625,0.06,12.55,10.26818181818182,0.808,1.3
2024 Q1,608.7939767331809,4.447561273279209e+25,5,103.80160000000006,1.245495044578999,1,0.08,12.55,10.26818181818182,0.808,1.3
2024 Q2,740.2472332833224,6.575591596603362e+25,5,138.40213333333344,1.358835093638147,1.0375,0.1,12.55,10.26818181818182,0.808,1.3
2024 Q3,886.7050333154691,9.434949793283846e+25,5,184.53617777777794,1.4824890871619014,1.075,0.12000000000000001,12.55,10.26818181818182,0.808,1.3
2024 Q4,1051.765044681593,1.3274516510568879e+26,5,217.48906666666684,1.6173955940965619,1.1125,0.14,12.55,10.26818181818182,0.808,1.3
2025 Q1,1247.195415886265,1.866595686489256e+26,6,256.3264000000002,1.7645785931625424,1.15,0.1875,12.55,10.26818181818182,0.808,1.3
2025 Q2,1474.4917603338847,2.6089511415510217e+26,6,302.93120000000016,1.9251552451438179,1.1875,0.23500000000000001,12.55,10.26818181818182,0.808,1.3
2025 Q3,1742.5324414150455,3.643703171260654e+26,6,358.0095999999998,2.1003443724557065,1.225,0.28250000000000003,12.55,10.26818181818182,0.808,1.3
2025 Q4,2056.9950025010658,5.0774741283772306e+26,6,413.0880000000008,2.291475710353323,1.2625,0.33,12.55,10.26818181818182,0.808,1.3
2026 Q1,2428.5854013029248,7.077632461706027e+26,7,476.63999999999993,2.5,1.2999999999999998,0.34850000000000003,12.55,10.26818181818182,0.808,1.3
2026 Q2,2859.8127110928913,9.814234491034165e+26,7,522.8294970742382,2.7275000000049365,1.3375,0.367,12.55,10.26818181818182,0.808,1.3
2026 Q3,3358.363235663029,1.353432434718366e+27,8,568.5393038132704,2.975702500010771,1.375,0.3855,12.55,10.26818181818182,0.808,1.3
2026 Q4,3932.3669499252983,1.855621179463775e+27,8,616.2179571795378,3.2464914275176264,1.4125,0.404,12.55,10.26818181818182,0.808,1.3
2027 Q1,4600.530011021469,2.539785165877104e+27,8,669.1777609355091,3.541922147428141,1.4500000000000002,0.4225,12.55,10.26818181818182,0.808,1.3
2027 Q2,5366.29234326177,3.4556512216019867e+27,8,721.5682778489431,3.864237062851095,1.4874999999999998,0.441,12.55,10.26818181818182,0.808,1.3
2027 Q3,6243.565843230843,4.677853732651064e+27,9,774.3606740231764,4.215882635578175,1.525,0.4595,12.55,10.26818181818182,0.808,1.3
2027 Q4,7260.03822982399,6.324978611820704e+27,9,831.5498057388875,4.599527955424113,1.5625,0.478,12.55,10.26818181818182,0.808,1.3
2028 Q1,8442.196615769983,8.552482043918178e+27,10,897.2668786444491,5.018084999376789,1.6,0.4965,12.55,10.26818181818182,0.808,1.3
2028 Q2,9818.100438061589,1.1567411545423815e+28,10,975.4392178229593,5.474730734329985,1.6375000000000002,0.515,12.55,10.26818181818182,0.808,1.3
2028 Q3,11415.777588348803,1.5638397353597618e+28,11,1070.750413710575,5.972931231164824,1.6749999999999998,0.5335,12.55,10.26818181818182,0.808,1.3
2028 Q4,13207.421972045053,2.0932319417719012e+28,11,1245.4854225918546,6.516467973212617,1.7125,0.552,12.55,10.26818181818182,0.808,1.3
2029 Q1,15251.253710291287,2.791208876828085e+28,11,1316.465703725182,7.109466558787831,1.75,0.5705,12.55,10.26818181818182,0.808,1.3
2029 Q2,17582.459429468334,3.7097145550667978e+28,11,1363.7736983816721,7.7564280156515615,1.7875,0.589,12.55,10.26818181818182,0.808,1.3
2029 Q3,20210.288787235742,4.901469274361601e+28,12,1717.7410881291246,8.46226296509117,1.8250000000000002,0.6074999999999999,12.55,10.26818181818182,0.808,1.3
2029 Q4,23181.0402595392,6.448327530172526e+28,12,1794.0899892365771,9.232328894931175,1.8624999999999998,0.6259999999999999,12.55,10.26818181818182,0.808,1.3
2030 Q1,26524.619341536796,8.442665174561135e+28,13,1849.9309676781716,10.072470824388141,1.9,0.6445,12.55,10.26818181818182,0.808,1.3
2030 Q2,30325.99776362875,1.103599368431539e+29,13,2055.7367579251486,10.98906566942735,1.9375,0.663,12.55,10.26818181818182,0.808,1.3
2030 Q3,34606.7606770658,1.4371534614716497e+29,13,2246.755079710398,11.989070645366937,1.975,0.6815,12.55,10.26818181818182,0.808,1.3
2030 Q4,39489.28688183147,1.871284534122704e+29,14,2325.068795315345,13.080076074119,2.0125,0.7,12.55,10.26818181818182,0.808,1.3
